Class,Year,Quarter,Student,Experience,Exam,Grading1/Points,Grading1/Percent,Grading1/Grade,Grading2/Points,Grading2/Percent,Grading2/Grade,GradingCombined/Grade
25,2017,4,1,NA,InfoSecExam,59,59,3.866,58,58,3.966,3.916
25,2017,4,2,NA,InfoSecExam,74,74,2.866374074,73.5,73.5,2.899674074,2.883
25,2017,4,3,NA,InfoSecExam,86,86,1.909166667,86.5,86.5,1.863,1.886
25,2017,4,4,NA,InfoSecExam,82,82,2.272,82,82,2.272,2.272
25,2017,4,5,NA,InfoSecExam,90,90,1.545,89,89,1.636,1.591
25,2017,4,6,NA,InfoSecExam,56.5,56.5,4.06624824,57,57,4.032945107,4.05
25,2017,4,7,NA,InfoSecExam,62,62,3.667,62,62,3.667,3.667
25,2017,4,8,NA,InfoSecExam,60,60,3.800209524,62,62,3.667,3.734
25,2017,4,9,NA,InfoSecExam,76,76,2.733,77,77,2.667166667,2.7
25,2017,4,10,NA,InfoSecExam,69,69,3.199374074,68.5,68.5,3.232674074,3.216
25,2017,4,11,NA,InfoSecExam,70,70,3.132774074,70,70,3.132774074,3.133
25,2017,4,12,NA,InfoSecExam,75,75,2.8,73,73,2.932974074,2.866
25,2017,4,1,NA,LabExam,48.5,48.5,4.553,48.5,48.5,4.553,4.553
25,2017,4,2,NA,LabExam,66,66,3.399174074,66,66,3.399174074,3.399
25,2017,4,3,NA,LabExam,80,80,2.454,80,80,2.454,2.454
25,2017,4,4,NA,LabExam,92.5,92.5,1.39352381,92.5,92.5,1.39352381,1.394
25,2017,4,5,NA,LabExam,98.5,98.5,1.079,98.5,98.5,1.079,1.079
25,2017,4,6,NA,LabExam,92.5,92.5,1.39352381,92.5,92.5,1.39352381,1.394
25,2017,4,7,NA,LabExam,55,55,4.132854505,55,55,4.132854505,4.133
25,2017,4,8,NA,LabExam,69.5,69.5,3.166074074,69.5,69.5,3.166074074,3.166
25,2017,4,9,NA,LabExam,80,80,2.454,80,80,2.454,2.454
25,2017,4,10,NA,LabExam,54.5,54.5,4.166157637,55.5,55.5,4.099,4.133
25,2017,4,11,NA,LabExam,87.5,87.5,1.772,87.5,87.5,1.772,1.772
25,2017,4,12,NA,LabExam,87,87,1.818166667,87,87,1.818166667,1.818
25,2017,4,1,NA,FoundationExam,38.5,38.5,5.078,41,41,4.947044444,5.013
25,2017,4,2,NA,FoundationExam,73.5,73.5,2.899674074,70,70,3.132774074,3.016
25,2017,4,3,NA,FoundationExam,79,79,2.533,80,80,2.454,2.494
25,2017,4,4,NA,FoundationExam,77,77,2.667166667,77,77,2.667166667,2.667
25,2017,4,5,NA,FoundationExam,88.5,88.5,1.681666667,87,87,1.818166667,1.75
25,2017,4,6,NA,FoundationExam,80.5,80.5,2.408,78,78,2.6,2.504
25,2017,4,7,NA,FoundationExam,62,62,3.667,65,65,3.465774074,3.566
25,2017,4,8,NA,FoundationExam,69.5,69.5,3.166074074,71.5,71.5,3.032874074,3.099
25,2017,4,9,NA,FoundationExam,70.5,70.5,3.099474074,67.5,67.5,3.299274074,3.199
25,2017,4,10,NA,FoundationExam,77,77,2.667166667,75.5,75.5,2.766,2.717
25,2017,4,11,NA,FoundationExam,74,74,2.866374074,75,75,2.8,2.833
25,2017,4,12,NA,FoundationExam,74,74,2.866374074,77,77,2.667166667,2.767
25,2017,4,1,NA,DocumentationExam,162.5,65,3.465774074,NA,NA,Prüfer 2,NA
25,2017,4,2,NA,DocumentationExam,208,83.2,2.181,Punkte,Prozent,Note,Gesamtnote
25,2017,4,3,NA,DocumentationExam,206,82.4,2.272,250,100,NA,NA
25,2017,4,4,NA,DocumentationExam,230,92,1.419752381,160.5,64.2,3.533,3.499
25,2017,4,5,NA,DocumentationExam,222,88.8,1.681666667,208,83.2,2.181,2.181
25,2017,4,6,NA,DocumentationExam,202.5,81,2.363,213.5,85.4,2.000166667,2.136
25,2017,4,7,NA,DocumentationExam,157,62.8,3.633,238.5,95.4,1.263,1.341
25,2017,4,8,NA,DocumentationExam,196.5,78.6,2.567,221.5,88.6,1.681666667,1.682
25,2017,4,9,NA,DocumentationExam,197.5,79,2.533,211,84.4,2.09,2.227
25,2017,4,10,NA,DocumentationExam,184.5,73.8,2.899674074,163.5,65.4,3.465774074,3.549
25,2017,4,11,NA,DocumentationExam,204,81.6,2.317,195.5,78.2,2.6,2.584
25,2017,4,12,NA,DocumentationExam,185,74,2.866374074,201.5,80.6,2.408,2.471
25,2018,1,1,NA,InfoSecExam,61,61,3.733466667,57.5,57.5,3.999641975,3.867
25,2018,1,2,NA,InfoSecExam,72.5,72.5,2.966274074,73.5,73.5,2.899674074,2.933
25,2018,1,3,NA,InfoSecExam,52.5,52.5,4.299370167,52.5,52.5,4.299370167,4.299
25,2018,1,4,NA,InfoSecExam,85.5,85.5,1.954,84.5,84.5,2.045,2
25,2018,1,5,NA,InfoSecExam,64,64,3.533,64,64,3.533,3.533
25,2018,1,6,NA,InfoSecExam,48.5,48.5,4.553,46.5,46.5,4.658,4.606
25,2018,1,7,NA,InfoSecExam,75,75,2.8,75.5,75.5,2.766,2.783
25,2018,1,8,NA,InfoSecExam,84.5,84.5,2.045,84,84,2.09,2.068
25,2018,1,9,NA,InfoSecExam,91,91,1.473,90,90,1.545,1.509
25,2018,1,10,NA,InfoSecExam,77.5,77.5,2.633,75.5,75.5,2.766,2.7
25,2018,1,11,NA,InfoSecExam,52.5,52.5,4.299370167,52.5,52.5,4.299370167,4.299
25,2018,1,12,NA,InfoSecExam,48.5,48.5,4.553,46.5,46.5,4.658,4.606
25,2018,1,1,NA,LabExam,76.5,76.5,2.7,76.5,76.5,2.7,2.7
25,2018,1,2,NA,LabExam,86,86,1.909166667,86,86,1.909166667,1.909
25,2018,1,3,NA,LabExam,91.5,91.5,1.445980952,91.5,91.5,1.445980952,1.446
25,2018,1,4,NA,LabExam,92.5,92.5,1.39352381,92.5,92.5,1.39352381,1.394
25,2018,1,5,NA,LabExam,90,90,1.545,90,90,1.545,1.545
25,2018,1,6,NA,LabExam,86,86,1.909166667,86,86,1.909166667,1.909
25,2018,1,7,NA,LabExam,65,65,3.465774074,65,65,3.465774074,3.466
25,2018,1,8,NA,LabExam,91,91,1.473,91,91,1.473,1.473
25,2018,1,9,NA,LabExam,95,95,1.263,95,95,1.263,1.263
25,2018,1,10,NA,LabExam,68.5,68.5,3.232674074,68.5,68.5,3.232674074,3.233
25,2018,1,11,NA,LabExam,79.5,79.5,2.499,79.5,79.5,2.499,2.499
25,2018,1,12,NA,LabExam,63,63,3.6,63,63,3.6,3.6
25,2018,1,1,NA,FoundationExam,51.5,51.5,4.365976432,51.5,51.5,4.365976432,4.366
25,2018,1,2,NA,FoundationExam,73.5,73.5,2.899674074,73.5,73.5,2.899674074,2.9
25,2018,1,3,NA,FoundationExam,63,63,3.6,63,63,3.6,3.6
25,2018,1,4,NA,FoundationExam,74,74,2.866374074,74,74,2.866374074,2.866
25,2018,1,5,NA,FoundationExam,68,68,3.265974074,68,68,3.265974074,3.266
25,2018,1,6,NA,FoundationExam,55,55,4.132854505,55,55,4.132854505,4.133
25,2018,1,7,NA,FoundationExam,63,63,3.6,63,63,3.6,3.6
25,2018,1,8,NA,FoundationExam,80,80,2.454,80,80,2.454,2.454
25,2018,1,9,NA,FoundationExam,82,82,2.272,84,84,2.09,2.181
25,2018,1,10,NA,FoundationExam,77,77,2.667166667,77,77,2.667166667,2.667
25,2018,1,11,NA,FoundationExam,45.5,45.5,4.71,46.5,46.5,4.658,4.684
25,2018,1,12,NA,FoundationExam,50,50,4.46588583,50,50,4.46588583,4.466
25,2018,1,1,NA,DocumentationExam,204.5,81.8,2.317,NA,NA,Prüfer 2,NA
25,2018,1,2,NA,DocumentationExam,226,90.4,1.545,Punkte,Prozent,Note,Gesamtnote
25,2018,1,3,NA,DocumentationExam,217.5,87,1.818166667,250,100,NA,NA
25,2018,1,4,NA,DocumentationExam,191,76.4,2.733,203,81.2,2.363,2.34
25,2018,1,5,NA,DocumentationExam,201,80.4,2.454,223.5,89.4,1.636,1.591
25,2018,1,6,NA,DocumentationExam,186,74.4,2.866374074,216,86.4,1.909166667,1.864
25,2018,1,7,NA,DocumentationExam,162.5,65,3.465774074,188.5,75.4,2.8,2.767
25,2018,1,8,NA,DocumentationExam,201,80.4,2.454,200,80,2.454,2.454
25,2018,1,9,NA,DocumentationExam,239.5,95.8,1.236152381,184.5,73.8,2.899674074,2.883
25,2018,1,10,NA,DocumentationExam,204,81.6,2.317,164,65.6,3.432474074,3.449
25,2018,1,11,NA,DocumentationExam,190,76,2.733,202.5,81,2.363,2.409
25,2018,1,12,NA,DocumentationExam,187,74.8,2.833074074,242,96.8,1.183695238,1.21
25,2018,2,1,NA,InfoSecExam,80,80,2.454,80,80,2.454,2.454
25,2018,2,2,NA,InfoSecExam,60,60,3.800209524,60,60,3.800209524,3.8
25,2018,2,3,NA,InfoSecExam,63.5,63.5,3.567,63.5,63.5,3.567,3.567
25,2018,2,4,NA,InfoSecExam,80,80,2.454,80,80,2.454,2.454
25,2018,2,5,NA,InfoSecExam,69.5,69.5,3.166074074,69.5,69.5,3.166074074,3.166
25,2018,2,6,NA,InfoSecExam,57.5,57.5,3.999641975,57.5,57.5,3.999641975,4
25,2018,2,7,NA,InfoSecExam,79,79,2.533,79,79,2.533,2.533
25,2018,2,8,NA,InfoSecExam,69.5,69.5,3.166074074,69.5,69.5,3.166074074,3.166
25,2018,2,9,NA,InfoSecExam,80.5,80.5,2.408,80.5,80.5,2.408,2.408
25,2018,2,10,NA,InfoSecExam,46.5,46.5,4.658,46.5,46.5,4.658,4.658
25,2018,2,11,NA,InfoSecExam,69.5,69.5,3.166074074,69.5,69.5,3.166074074,3.166
25,2018,2,12,NA,InfoSecExam,64.5,64.5,3.499074074,64.5,64.5,3.499074074,3.499
25,2018,2,13,NA,InfoSecExam,64,64,3.533,64,64,3.533,3.533
25,2018,2,14,NA,InfoSecExam,49.5,49.5,4.499188962,49.5,49.5,4.499188962,4.499
25,2018,2,15,NA,InfoSecExam,54.5,54.5,4.166157637,54.5,54.5,4.166157637,4.166
25,2018,2,1,NA,LabExam,78.5,78.5,2.567,NA,NA,NA,2.567
25,2018,2,2,NA,LabExam,50,50,4.46588583,NA,NA,NA,4.466
25,2018,2,3,NA,LabExam,56.5,56.5,4.032945107,NA,NA,NA,4.033
25,2018,2,4,NA,LabExam,94.5,94.5,1.288609524,NA,NA,NA,1.289
25,2018,2,5,NA,LabExam,75,75,2.8,NA,NA,NA,2.8
25,2018,2,6,NA,LabExam,64.5,64.5,3.499074074,NA,NA,NA,3.499
25,2018,2,7,NA,LabExam,84.5,84.5,2.045,NA,NA,NA,2.045
25,2018,2,8,NA,LabExam,74.5,74.5,2.833074074,NA,NA,NA,2.833
25,2018,2,9,NA,LabExam,80.5,80.5,2.408,NA,NA,NA,2.408
25,2018,2,10,NA,LabExam,55.5,55.5,4.099,NA,NA,NA,4.099
25,2018,2,11,NA,LabExam,52,52,4.3326733,NA,NA,NA,4.333
25,2018,2,12,NA,LabExam,61,61,3.733466667,NA,NA,NA,3.733
25,2018,2,13,NA,LabExam,64,64,3.533,NA,NA,NA,3.533
25,2018,2,14,NA,LabExam,29.5,29.5,5.516,NA,NA,NA,5.516
25,2018,2,15,NA,LabExam,81.5,81.5,2.317,NA,NA,NA,2.317
25,2018,2,1,NA,FoundationExam,71.5,71.5,3.032874074,71.5,71.5,3.032874074,3.033
25,2018,2,2,NA,FoundationExam,56,56,4.06624824,56,56,4.06624824,4.066
25,2018,2,3,NA,FoundationExam,54.5,54.5,4.166157637,54.5,54.5,4.166157637,4.166
25,2018,2,4,NA,FoundationExam,84,84,2.09,84,84,2.09,2.09
25,2018,2,5,NA,FoundationExam,71,71,3.066174074,71,71,3.066174074,3.066
25,2018,2,6,NA,FoundationExam,58,58,3.966,58,58,3.966,3.966
25,2018,2,7,NA,FoundationExam,76,76,2.733,76,76,2.733,2.733
25,2018,2,8,NA,FoundationExam,63.5,63.5,3.567,63.5,63.5,3.567,3.567
25,2018,2,9,NA,FoundationExam,77,77,2.667166667,77,77,2.667166667,2.667
25,2018,2,10,NA,FoundationExam,55,55,4.132854505,55,55,4.132854505,4.133
25,2018,2,11,NA,FoundationExam,60.5,60.5,3.766,60.5,60.5,3.766,3.766
25,2018,2,12,NA,FoundationExam,50.5,50.5,4.432,50.5,50.5,4.432,4.432
25,2018,2,13,NA,FoundationExam,50,50,4.46588583,50,50,4.46588583,4.466
25,2018,2,14,NA,FoundationExam,47,47,4.631,47,47,4.631,4.631
25,2018,2,15,NA,FoundationExam,53,53,4.266067035,53,53,4.266067035,4.266
25,2018,2,1,NA,DocumentationExam,75,75,2.8,75,75,2.8,2.8
25,2018,2,2,NA,DocumentationExam,67,67,3.332574074,67,67,3.332574074,3.333
25,2018,2,3,NA,DocumentationExam,75.5,75.5,2.766,75.5,75.5,2.766,2.766
25,2018,2,4,NA,DocumentationExam,96,96,1.20992381,96,96,1.20992381,1.21
25,2018,2,5,NA,DocumentationExam,89,89,1.636,89,89,1.636,1.636
25,2018,2,6,NA,DocumentationExam,80.5,80.5,2.408,80.5,80.5,2.408,2.408
25,2018,2,7,NA,DocumentationExam,83,83,2.181,83,83,2.181,2.181
25,2018,2,8,NA,DocumentationExam,89.5,89.5,1.591,89.5,89.5,1.591,1.591
25,2018,2,9,NA,DocumentationExam,81.5,81.5,2.317,81.5,81.5,2.317,2.317
25,2018,2,10,NA,DocumentationExam,65.5,65.5,3.432474074,65.5,65.5,3.432474074,3.432
25,2018,2,11,NA,DocumentationExam,75,75,2.8,75,75,2.8,2.8
25,2018,2,12,NA,DocumentationExam,74.5,74.5,2.833074074,74.5,74.5,2.833074074,2.833
25,2018,2,13,NA,DocumentationExam,51.5,51.5,4.365976432,51.5,51.5,4.365976432,4.366
25,2018,2,14,NA,DocumentationExam,67.5,67.5,3.299274074,67.5,67.5,3.299274074,3.299
25,2018,2,15,NA,DocumentationExam,45.5,45.5,4.71,45.5,45.5,4.71,4.71
25,2018,3,1,NA,InfoSecExam,71,71,3.066174074,71,71,3.066174074,3.066
25,2018,3,2,NA,InfoSecExam,66,66,3.399174074,66,66,3.399174074,3.399
25,2018,3,3,NA,InfoSecExam,83,83,2.181,83,83,2.181,2.181
25,2018,3,4,NA,InfoSecExam,49.5,49.5,4.499188962,49.5,49.5,4.499188962,4.499
25,2018,3,5,NA,InfoSecExam,82.5,82.5,2.227,82.5,82.5,2.227,2.227
25,2018,3,6,NA,InfoSecExam,56.5,56.5,4.06624824,56.5,56.5,4.06624824,4.066
25,2018,3,7,NA,InfoSecExam,75,75,2.8,75,75,2.8,2.8
25,2018,3,8,NA,InfoSecExam,70.5,70.5,3.099474074,70.5,70.5,3.099474074,3.099
25,2018,3,9,NA,InfoSecExam,71,71,3.066174074,71,71,3.066174074,3.066
25,2018,3,10,NA,InfoSecExam,63.5,63.5,3.567,63.5,63.5,3.567,3.567
25,2018,3,11,NA,InfoSecExam,54,54,4.19946077,54,54,4.19946077,4.199
25,2018,3,12,NA,InfoSecExam,65,65,3.465774074,65,65,3.465774074,3.466
25,2018,3,13,NA,InfoSecExam,57.5,57.5,3.999641975,57.5,57.5,3.999641975,4
25,2018,3,14,NA,InfoSecExam,69,69,3.199374074,69,69,3.199374074,3.199
25,2018,3,15,NA,InfoSecExam,48,48,4.579,48,48,4.579,4.579
25,2018,3,1,NA,LabExam,49.5,49.5,4.499188962,49.5,49.5,4.499188962,4.499
25,2018,3,2,NA,LabExam,97.5,97.5,1.131,97.5,97.5,1.131,1.131
25,2018,3,3,NA,LabExam,93,93,1.368,93,93,1.368,1.368
25,2018,3,4,NA,LabExam,55.5,55.5,4.099,55.5,55.5,4.099,4.099
25,2018,3,5,NA,LabExam,44.5,44.5,4.762944444,44.5,44.5,4.762944444,4.763
25,2018,3,6,NA,LabExam,78.5,78.5,2.567,78.5,78.5,2.567,2.567
25,2018,3,7,NA,LabExam,74,74,2.866374074,74,74,2.866374074,2.866
25,2018,3,8,NA,LabExam,83.5,83.5,2.136,83.5,83.5,2.136,2.136
25,2018,3,9,NA,LabExam,99,99,1.053,99,99,1.053,1.053
25,2018,3,10,NA,LabExam,75.5,75.5,2.766,75.5,75.5,2.766,2.766
25,2018,3,11,NA,LabExam,62,62,3.667,62,62,3.667,3.667
25,2018,3,12,NA,LabExam,55,55,4.132854505,55,55,4.132854505,4.133
25,2018,3,13,NA,LabExam,79,79,2.533,79,79,2.533,2.533
25,2018,3,14,NA,LabExam,71.5,71.5,3.032874074,71.5,71.5,3.032874074,3.033
25,2018,3,15,NA,LabExam,42,42,4.894444444,42,42,4.894444444,4.894
25,2018,3,1,NA,FoundationExam,49.5,49.5,4.499188962,49.5,49.5,4.499188962,4.499
25,2018,3,2,NA,FoundationExam,79,79,2.533,79,79,2.533,2.533
25,2018,3,3,NA,FoundationExam,86,86,1.909166667,86,86,1.909166667,1.909
25,2018,3,4,NA,FoundationExam,46.5,46.5,4.658,46.5,46.5,4.658,4.658
25,2018,3,5,NA,FoundationExam,46.5,46.5,4.658,46.5,46.5,4.658,4.658
25,2018,3,6,NA,FoundationExam,61,61,3.733466667,61,61,3.733466667,3.733
25,2018,3,7,NA,FoundationExam,58,58,3.966,58,58,3.966,3.966
25,2018,3,8,NA,FoundationExam,67.5,67.5,3.299274074,67.5,67.5,3.299274074,3.299
25,2018,3,9,NA,FoundationExam,88.5,88.5,1.681666667,88.5,88.5,1.681666667,1.682
25,2018,3,10,NA,FoundationExam,64.5,64.5,3.499074074,64.5,64.5,3.499074074,3.499
25,2018,3,11,NA,FoundationExam,64.5,64.5,3.499074074,64.5,64.5,3.499074074,3.499
25,2018,3,12,NA,FoundationExam,50,50,4.46588583,50,50,4.46588583,4.466
25,2018,3,13,NA,FoundationExam,64,64,3.533,64,64,3.533,3.533
25,2018,3,14,NA,FoundationExam,62.5,62.5,3.633,62.5,62.5,3.633,3.633
25,2018,3,15,NA,FoundationExam,50,50,4.46588583,49,49,4.526,4.496
25,2018,3,1,NA,DocumentationExam,69,69,3.199374074,69,69,3.199374074,3.199
25,2018,3,2,NA,DocumentationExam,85.5,85.5,1.954,85.5,85.5,1.954,1.954
25,2018,3,3,NA,DocumentationExam,88,88,1.727166667,88,88,1.727166667,1.727
25,2018,3,4,NA,DocumentationExam,68.5,68.5,3.232674074,68.5,68.5,3.232674074,3.233
25,2018,3,5,NA,DocumentationExam,79.5,79.5,2.499,79.5,79.5,2.499,2.499
25,2018,3,6,NA,DocumentationExam,82,82,2.272,82,82,2.272,2.272
25,2018,3,7,NA,DocumentationExam,70,70,3.132774074,70,70,3.132774074,3.133
25,2018,3,8,NA,DocumentationExam,79,79,2.533,79,79,2.533,2.533
25,2018,3,9,NA,DocumentationExam,91.5,91.5,1.445980952,91.5,91.5,1.445980952,1.446
25,2018,3,10,NA,DocumentationExam,70.5,70.5,3.099474074,70.5,70.5,3.099474074,3.099
25,2018,3,11,NA,DocumentationExam,71,71,3.066174074,71,71,3.066174074,3.066
25,2018,3,12,NA,DocumentationExam,66,66,3.399174074,66,66,3.399174074,3.399
25,2018,3,13,NA,DocumentationExam,78,78,2.6,78,78,2.6,2.6
25,2018,3,14,NA,DocumentationExam,83,83,2.181,83,83,2.181,2.181
25,2018,3,15,NA,DocumentationExam,65,65,3.465774074,65,65,3.465774074,3.466
26,2018,2,1,NA,InfoSecExam,50,50,4.46588583,50,50,4.46588583,4.466
26,2018,2,2,NA,InfoSecExam,65.5,65.5,3.432474074,65,65,3.465774074,3.449
26,2018,2,3,NA,InfoSecExam,69,69,3.199374074,69,69,3.199374074,3.199
26,2018,2,4,NA,InfoSecExam,65.5,65.5,3.432474074,65,65,3.465774074,3.449
26,2018,2,5,NA,InfoSecExam,63,63,3.6,62,62,3.667,3.634
26,2018,2,6,NA,InfoSecExam,90.5,90.5,1.499,91,91,1.473,1.486
26,2018,2,7,NA,InfoSecExam,88,88,1.727166667,87,87,1.818166667,1.773
26,2018,2,8,NA,InfoSecExam,76,76,2.733,76,76,2.733,2.733
26,2018,2,9,NA,InfoSecExam,84,84,2.09,83.5,83.5,2.136,2.113
26,2018,2,10,NA,InfoSecExam,57.5,57.5,3.999641975,56.5,56.5,4.06624824,4.033
26,2018,2,11,NA,InfoSecExam,60.5,60.5,3.766,61.5,61.5,3.7,3.733
26,2018,2,12,NA,InfoSecExam,67,67,3.332574074,67,67,3.332574074,3.333
26,2018,2,13,NA,InfoSecExam,72,72,2.999574074,72.5,72.5,2.966274074,2.983
26,2018,2,14,NA,InfoSecExam,69,69,3.199374074,70,70,3.132774074,3.166
26,2018,2,15,NA,InfoSecExam,57.5,57.5,3.999641975,58.5,58.5,3.899937354,3.95
26,2018,2,1,NA,LabExam,58.5,58.5,3.899937354,58.5,58.5,3.899937354,3.9
26,2018,2,2,NA,LabExam,56.5,56.5,4.032945107,56.5,56.5,4.032945107,4.033
26,2018,2,3,NA,LabExam,62,62,3.667,62,62,3.667,3.667
26,2018,2,4,NA,LabExam,56,56,4.06624824,56,56,4.06624824,4.066
26,2018,2,5,NA,LabExam,55.5,55.5,4.099,55.5,55.5,4.099,4.099
26,2018,2,6,NA,LabExam,93.5,93.5,1.341066667,93.5,93.5,1.341066667,1.341
26,2018,2,7,NA,LabExam,90,90,1.545,90,90,1.545,1.545
26,2018,2,8,NA,LabExam,67,67,3.332574074,67,67,3.332574074,3.333
26,2018,2,9,NA,LabExam,71,71,3.066174074,71,71,3.066174074,3.066
26,2018,2,10,NA,LabExam,68,68,3.265974074,68,68,3.265974074,3.266
26,2018,2,11,NA,LabExam,70,70,3.132774074,70,70,3.132774074,3.133
26,2018,2,12,NA,LabExam,52,52,4.3326733,52,52,4.3326733,4.333
26,2018,2,13,NA,LabExam,72.5,72.5,2.966274074,72.5,72.5,2.966274074,2.966
26,2018,2,14,NA,LabExam,62.5,62.5,3.633,62.5,62.5,3.633,3.633
26,2018,2,15,NA,LabExam,63.5,63,3.6,63.5,63.5,3.567,3.584
26,2018,2,1,NA,FoundationExam,66.5,66.5,3.365874074,65,65,3.465774074,3.416
26,2018,2,2,NA,FoundationExam,72,72,2.999574074,72,72,2.999574074,3
26,2018,2,3,NA,FoundationExam,70,70,3.132774074,70,70,3.132774074,3.133
26,2018,2,4,NA,FoundationExam,65.5,65.5,3.432474074,65.5,65.5,3.432474074,3.432
26,2018,2,5,NA,FoundationExam,73.5,73.5,2.899674074,73.5,73.5,2.899674074,2.9
26,2018,2,6,NA,FoundationExam,91,91,1.473,91,91,1.473,1.473
26,2018,2,7,NA,FoundationExam,85,85,2.000166667,85,85,2.000166667,2
26,2018,2,8,NA,FoundationExam,75,75,2.8,74.5,74.5,2.833074074,2.817
26,2018,2,9,NA,FoundationExam,85,85,2.000166667,84.5,84.5,2.045,2.023
26,2018,2,10,NA,FoundationExam,74,74,2.866374074,74,74,2.866374074,2.866
26,2018,2,11,NA,FoundationExam,58,58,3.966,55.5,55.5,4.099,4.033
26,2018,2,12,NA,FoundationExam,69.5,69.5,3.166074074,69.5,69.5,3.166074074,3.166
26,2018,2,13,NA,FoundationExam,81,81,2.363,81,81,2.363,2.363
26,2018,2,14,NA,FoundationExam,73.5,73.5,2.899674074,73.5,73.5,2.899674074,2.9
26,2018,2,15,NA,FoundationExam,67,67,3.332574074,66.5,66.5,3.365874074,3.349
26,2018,2,1,NA,DocumentationExam,55.5,55.5,4.099,55.5,55.5,4.099,4.099
26,2018,2,2,NA,DocumentationExam,70.5,70.5,3.099474074,70.5,70.5,3.099474074,3.099
26,2018,2,3,NA,DocumentationExam,73.5,73.5,2.899674074,72,72,2.999574074,2.95
26,2018,2,4,NA,DocumentationExam,71.5,71.5,3.033,71.5,71.5,3.032874074,3.033
26,2018,2,5,NA,DocumentationExam,74,74,2.866,74,74,2.866374074,2.866
26,2018,2,6,NA,DocumentationExam,92,92,1.42,92,92,1.419752381,1.42
26,2018,2,7,NA,DocumentationExam,91,91,1.473,91,91,1.473,1.473
26,2018,2,8,NA,DocumentationExam,81,81,2.363,81,81,2.363,2.363
26,2018,2,9,NA,DocumentationExam,86.5,86.5,1.863,86.5,86.5,1.863,1.863
26,2018,2,10,NA,DocumentationExam,60,60,3.8,60,60,3.800209524,3.8
26,2018,2,11,NA,DocumentationExam,54.5,54.5,4.166,54.5,54.5,4.166157637,4.166
26,2018,2,12,NA,DocumentationExam,51,51,4.399,51,51,4.399279565,4.399
26,2018,2,13,NA,DocumentationExam,56.5,56.5,4.033,56.5,56.5,4.032945107,4.033
26,2018,2,14,NA,DocumentationExam,70,70,3.133,70,70,3.132774074,3.133
26,2018,2,15,NA,DocumentationExam,79.5,79.5,2.499,79.5,79.5,2.499,2.499
26,2018,3,1,NA,InfoSecExam,34.5,34.5,5.288944444,34,34,5.315244444,5.302
26,2018,3,2,NA,InfoSecExam,86,86,1.909166667,88,88,1.727166667,1.818
26,2018,3,3,NA,InfoSecExam,68,68,3.265974074,68.5,68.5,3.232674074,3.249
26,2018,3,4,NA,InfoSecExam,89.5,89.5,1.591,91,91,1.473,1.532
26,2018,3,5,NA,InfoSecExam,95,95,1.263,94,94,1.314838095,1.289
26,2018,3,6,NA,InfoSecExam,82.5,82.5,2.227,82.5,82.5,2.227,2.227
26,2018,3,7,NA,InfoSecExam,75,75,2.8,74.5,74.5,2.833074074,2.817
26,2018,3,8,NA,InfoSecExam,74,74,2.866374074,74,74,2.866374074,2.866
26,2018,3,9,NA,InfoSecExam,56,56,4.06624824,56.5,56.5,4.032945107,4.05
26,2018,3,10,NA,InfoSecExam,81,81,2.363,82,82,2.272,2.318
26,2018,3,11,NA,InfoSecExam,91,91,1.473,91.5,91.5,1.445980952,1.459
26,2018,3,12,NA,InfoSecExam,87,87,1.818166667,86.5,86.5,1.863,1.841
26,2018,3,13,NA,InfoSecExam,85,85,2.000166667,85.5,85.5,1.954,1.977
26,2018,3,14,NA,InfoSecExam,78.5,78.5,2.567,78.5,78.5,2.567,2.567
26,2018,3,15,NA,InfoSecExam,90,90,1.545,89,89,1.636,1.591
26,2018,3,1,NA,LabExam,25.5,25.5,5.581785714,25.5,25.5,5.581785714,5.582
26,2018,3,2,NA,LabExam,64.5,64.5,3.499074074,64.5,64.5,3.499074074,3.499
26,2018,3,3,NA,LabExam,75,75,2.8,75,75,2.8,2.8
26,2018,3,4,NA,LabExam,99,99,1.053,99,99,1.053,1.053
26,2018,3,5,NA,LabExam,88,88,1.727166667,88,88,1.727166667,1.727
26,2018,3,6,NA,LabExam,82.5,82.5,2.227,82.5,82.5,2.227,2.227
26,2018,3,7,NA,LabExam,71.5,71.5,3.032874074,71.5,71.5,3.032874074,3.033
26,2018,3,8,NA,LabExam,85,85,2.000166667,85,85,2.000166667,2
26,2018,3,9,NA,LabExam,30,30,5.508,30,30,5.508,5.508
26,2018,3,10,NA,LabExam,87.5,87.5,1.772,87.5,87.5,1.772,1.772
26,2018,3,11,NA,LabExam,92,92,1.419752381,92,92,1.419752381,1.42
26,2018,3,12,NA,LabExam,81,81,2.363,81,81,2.363,2.363
26,2018,3,13,NA,LabExam,99,99,1.053,99,99,1.053,1.053
26,2018,3,14,NA,LabExam,99,99,1.053,99,99,1.053,1.053
26,2018,3,15,NA,LabExam,97,97,1.158,97,97,1.158,1.158
26,2018,3,1,NA,FoundationExam,25,25,5.589964286,24,24,5.607,5.598
26,2018,3,2,NA,FoundationExam,83.5,83.5,2.136,83.5,83.5,2.136,2.136
26,2018,3,3,NA,FoundationExam,68,68,3.265974074,67,67,3.332574074,3.299
26,2018,3,4,NA,FoundationExam,89.5,89.5,1.591,89.5,89.5,1.591,1.591
26,2018,3,5,NA,FoundationExam,85.5,85.5,1.954,85.5,85.5,1.954,1.954
26,2018,3,6,NA,FoundationExam,79,79,2.533,78.5,78.5,2.567,2.55
26,2018,3,7,NA,FoundationExam,75.5,75.5,2.766,74.5,74.5,2.833074074,2.8
26,2018,3,8,NA,FoundationExam,79,79,2.533,79.5,79.5,2.499,2.516
26,2018,3,9,NA,FoundationExam,29.5,29.5,5.516,28,28,5.541,5.529
26,2018,3,10,NA,FoundationExam,70,70,3.132774074,69.5,69.5,3.166074074,3.149
26,2018,3,11,NA,FoundationExam,87,87,1.818166667,87,87,1.818166667,1.818
26,2018,3,12,NA,FoundationExam,75,75,2.8,73.5,73.5,2.899674074,2.85
26,2018,3,13,NA,FoundationExam,71.5,71.5,3.032874074,70.5,70.5,3.099474074,3.066
26,2018,3,14,NA,FoundationExam,88,88,1.727166667,88,88,1.727166667,1.727
26,2018,3,15,NA,FoundationExam,79.5,79.5,2.499,78,78,2.6,2.55
26,2018,3,1,NA,DocumentationExam,75.5,75.5,2.766,75,75,2.8,2.783
26,2018,3,2,NA,DocumentationExam,79,79,2.533,78.5,78.5,2.567,2.55
26,2018,3,3,NA,DocumentationExam,79.5,79.5,2.499,79.5,79.5,2.499,2.499
26,2018,3,4,NA,DocumentationExam,95.5,95.5,1.236152381,95.5,95.5,1.236152381,1.236
26,2018,3,5,NA,DocumentationExam,98,98,1.105,98,98,1.105,1.105
26,2018,3,6,NA,DocumentationExam,87,87,1.818166667,87,87,1.818166667,1.818
26,2018,3,7,NA,DocumentationExam,89,89,1.636,89,89,1.636,1.636
26,2018,3,8,NA,DocumentationExam,83,83,2.181,83.5,83.5,2.136,2.159
26,2018,3,9,NA,DocumentationExam,49.5,49.5,4.499188962,49.5,49.5,4.499188962,4.499
26,2018,3,10,NA,DocumentationExam,80.5,80.5,2.408,81,81,2.363,2.386
26,2018,3,11,NA,DocumentationExam,94.5,94.5,1.288609524,94.5,94.5,1.288609524,1.289
26,2018,3,12,NA,DocumentationExam,82.5,82.5,2.227,82.5,82.5,2.227,2.227
26,2018,3,13,NA,DocumentationExam,89.5,89.5,1.591,89.5,89.5,1.591,1.591
26,2018,3,14,NA,DocumentationExam,98,98,1.105,98,98,1.105,1.105
26,2018,3,15,NA,DocumentationExam,97,97,1.158,97.5,97.5,1.131,1.145
26,2017,4,1,3+,InfoSecExam,81,81,2.363,82.5,82.5,2.227,2.295
26,2017,4,2,3+,InfoSecExam,74,74,2.866374074,72.5,72.5,2.966274074,2.916
26,2017,4,3,3+,InfoSecExam,85,85,2.000166667,83.5,83.5,2.136,2.068
26,2017,4,4,3+,InfoSecExam,69,69,3.199374074,67.5,67.5,3.299274074,3.249
26,2017,4,5,3+,InfoSecExam,77,77,2.667166667,76.5,76.5,2.7,2.684
26,2017,4,6,3+,InfoSecExam,80,80,2.454,80.5,80.5,2.408,2.431
26,2017,4,7,3+,InfoSecExam,86,86,1.909166667,85.5,85.5,1.954,1.932
26,2017,4,8,6+,InfoSecExam,50,50,4.46588583,50,50,4.46588583,4.466
26,2017,4,9,3+,InfoSecExam,66,66,3.399174074,65,65,3.465774074,3.432
26,2017,4,10,3+,InfoSecExam,72,72,2.999574074,70,70,3.132774074,3.066
26,2017,4,11,3+,InfoSecExam,82,82,2.272,81.5,81.5,2.317,2.295
26,2017,4,12,3+,InfoSecExam,85,85,2.000166667,85,85,2.000166667,2
26,2017,4,1,3+,LabExam,79.5,79.5,2.499,80,80,2.454,2.477
26,2017,4,2,3+,LabExam,78.5,78.5,2.567,79,79,2.533,2.55
26,2017,4,3,3+,LabExam,92,92,1.419752381,92.5,92.5,1.39352381,1.407
26,2017,4,4,3+,LabExam,52,52,4.3326733,52,52,4.3326733,4.333
26,2017,4,5,3+,LabExam,84,84,2.09,84.5,84.5,2.045,2.068
26,2017,4,6,3+,LabExam,73.5,73.5,2.899674074,73.5,73.5,2.899674074,2.9
26,2017,4,7,3+,LabExam,81,81,2.363,81,81,2.363,2.363
26,2017,4,8,6+,LabExam,51.5,51.5,4.365976432,51.5,51.5,4.365976432,4.366
26,2017,4,9,3+,LabExam,84.5,84.5,2.045,84.5,84.5,2.045,2.045
26,2017,4,10,3+,LabExam,50,50,4.46588583,50,50,4.46588583,4.466
26,2017,4,11,3+,LabExam,61,61,3.733466667,61,61,3.733466667,3.733
26,2017,4,12,3+,LabExam,96,96,1.20992381,96,96,1.20992381,1.21
26,2017,4,1,3+,FoundationExam,71.5,71.5,3.032874074,71.5,71.5,3.032874074,3.033
26,2017,4,2,3+,FoundationExam,51.5,51.5,4.365976432,49.5,49.5,4.499188962,4.433
26,2017,4,3,3+,FoundationExam,80.5,80.5,2.408,80.5,80.5,2.408,2.408
26,2017,4,4,3+,FoundationExam,56,56,4.06624824,54.5,54.5,4.166157637,4.116
26,2017,4,5,3+,FoundationExam,79,79,2.533,78.5,78.5,2.567,2.55
26,2017,4,6,3+,FoundationExam,66,66,3.399174074,65,65,3.465774074,3.432
26,2017,4,7,3+,FoundationExam,68.5,68.5,3.232674074,68,68,3.265974074,3.249
26,2017,4,8,6+,FoundationExam,43,43,4.841844444,46.5,46.5,4.658,4.75
26,2017,4,9,3+,FoundationExam,66,66,3.399174074,65,65,3.465774074,3.432
26,2017,4,10,3+,FoundationExam,61.5,61.5,3.7,59,59,3.866,3.783
26,2017,4,11,3+,FoundationExam,50,50,4.46588583,52,52,4.3326733,4.399
26,2017,4,12,3+,FoundationExam,84,84,2.09,82.5,82.5,2.227,2.159
26,2017,4,1,3+,DocumentationExam,196,78.4,2.6,196,78.4,2.6,2.6
26,2017,4,2,3+,DocumentationExam,199.5,79.8,2.499,196.5,78.6,2.567,2.533
26,2017,4,3,3+,DocumentationExam,211.5,84.6,2.045,211.5,84.6,2.045,2.045
26,2017,4,4,3+,DocumentationExam,173,69.2,3.199374074,173,69.2,3.199374074,3.199
26,2017,4,5,3+,DocumentationExam,224.5,89.8,1.591,224.5,89.8,1.591,1.591
26,2017,4,6,3+,DocumentationExam,170.5,68.2,3.265974074,170.5,68.2,3.265974074,3.266
26,2017,4,7,3+,DocumentationExam,213,85.2,2.000166667,210.5,84.2,2.09,2.045
26,2017,4,8,6+,DocumentationExam,172.5,69,3.199374074,172.5,69,3.199374074,3.199
26,2017,4,9,3+,DocumentationExam,192,76.8,2.7,192,76.8,2.7,2.7
26,2017,4,10,3+,DocumentationExam,162.5,65,3.465774074,162,64.8,3.499074074,3.482
26,2017,4,11,3+,DocumentationExam,114,45.6,4.71,114,45.6,4.71,4.71
26,2017,4,12,3+,DocumentationExam,217,86.8,1.863,218.5,87.4,1.818166667,1.841
27,2018,3,1,3+,InfoSecExam,77,77,2.667166667,77,77,2.667166667,2.667
27,2018,3,2,3+,InfoSecExam,77,77,2.667166667,77.5,77.5,2.633,2.65
27,2018,3,3,3+,InfoSecExam,81,81,2.363,81,81,2.363,2.363
27,2018,3,4,3+,InfoSecExam,96,96,1.20992381,96,96,1.20992381,1.21
27,2018,3,5,3+,InfoSecExam,83,83,2.181,83,83,2.181,2.181
27,2018,3,6,3+,InfoSecExam,84.5,84.5,2.045,84.5,84.5,2.045,2.045
27,2018,3,7,3+,InfoSecExam,87.5,87.5,1.772,87.5,87.5,1.772,1.772
27,2018,3,8,3+,InfoSecExam,90.5,90.5,1.499,90.5,90.5,1.499,1.499
27,2018,3,9,3+,InfoSecExam,73,73,2.932974074,73,73,2.932974074,2.933
27,2018,3,10,3+,InfoSecExam,79.5,79.5,2.499,79.5,79.5,2.499,2.499
27,2018,3,11,3+,InfoSecExam,80.5,80.5,2.408,80,80,2.454,2.431
27,2018,3,12,3+,InfoSecExam,80.5,80.5,2.408,80.5,80.5,2.408,2.408
27,2018,3,13,6+,InfoSecExam,64,64,3.533,64,64,3.533,3.533
27,2018,3,14,6+,InfoSecExam,74.5,74.5,2.833074074,74,74,2.866374074,2.85
27,2018,3,15,3+,InfoSecExam,88,88,1.727166667,89,89,1.636,1.682
27,2018,3,1,3+,LabExam,79.5,79.5,2.499,79.5,79.5,2.499,2.499
27,2018,3,2,3+,LabExam,52.5,52.5,4.299370167,52.5,52.5,4.299370167,4.299
27,2018,3,3,3+,LabExam,78.5,78.5,2.567,78.5,78.5,2.567,2.567
27,2018,3,4,3+,LabExam,85.5,85.5,1.954,85.5,85.5,1.954,1.954
27,2018,3,5,3+,LabExam,90,90,1.545,90,90,1.545,1.545
27,2018,3,6,3+,LabExam,69,69,3.199374074,69,69,3.199374074,3.199
27,2018,3,7,3+,LabExam,75,75,2.8,75,75,2.8,2.8
27,2018,3,8,3+,LabExam,94,94,1.314838095,94,94,1.314838095,1.315
27,2018,3,9,3+,LabExam,46.5,46.5,4.658,46.5,46.5,4.658,4.658
27,2018,3,10,3+,LabExam,80,80,2.454,80,80,2.454,2.454
27,2018,3,11,3+,LabExam,59.5,59.5,3.833278307,59.5,59.5,3.833278307,3.833
27,2018,3,12,3+,LabExam,54,54,4.19946077,54,54,4.19946077,4.199
27,2018,3,13,6+,LabExam,68.5,68.5,3.232674074,68.5,68.5,3.232674074,3.233
27,2018,3,14,6+,LabExam,54.5,54.5,4.166157637,54.5,54.5,4.166157637,4.166
27,2018,3,15,3+,LabExam,86.5,86.5,1.863,86.5,86.5,1.863,1.863
27,2018,3,1,3+,FoundationExam,64.5,64.5,3.499074074,62.5,62.5,3.633,3.566
27,2018,3,2,3+,FoundationExam,54,54,4.19946077,51,51,4.399279565,4.299
27,2018,3,3,3+,FoundationExam,76,76,2.733,74,74,2.866374074,2.8
27,2018,3,4,3+,FoundationExam,68,68,3.265974074,67.5,67.5,3.299274074,3.283
27,2018,3,5,3+,FoundationExam,74,74,2.866374074,72.5,72.5,2.966274074,2.916
27,2018,3,6,3+,FoundationExam,67.5,67.5,3.299274074,68.5,68.5,3.232674074,3.266
27,2018,3,7,3+,FoundationExam,64,64,3.533,63,63,3.6,3.567
27,2018,3,8,3+,FoundationExam,82.5,82.5,2.227,81,81,2.363,2.295
27,2018,3,9,3+,FoundationExam,45.5,45.5,4.71,43.5,43.5,4.815,4.763
27,2018,3,10,3+,FoundationExam,58.5,58.5,3.899937354,57.5,57.5,3.999641975,3.95
27,2018,3,11,3+,FoundationExam,48,48,4.579,48,48,4.579,4.579
27,2018,3,12,3+,FoundationExam,41,41,4.947044444,40.5,40.5,4.973344444,4.96
27,2018,3,13,6+,FoundationExam,59.5,59.5,3.833278307,58.5,58.5,3.899937354,3.867
27,2018,3,14,6+,FoundationExam,68,68,3.265974074,66,66,3.399174074,3.333
27,2018,3,15,3+,FoundationExam,72.5,72.5,2.966274074,71,71,3.066174074,3.016
27,2018,3,1,3+,DocumentationExam,86.5,86.5,1.863,86,86,1.909166667,1.886
27,2018,3,2,3+,DocumentationExam,80,80,2.454,80,80,2.454,2.454
27,2018,3,3,3+,DocumentationExam,92.5,92.5,1.39352381,92.5,92.5,1.39352381,1.394
27,2018,3,4,3+,DocumentationExam,91.5,91.5,1.445980952,91.5,91.5,1.445980952,1.446
27,2018,3,5,3+,DocumentationExam,81.5,81.5,2.317,81,81,2.363,2.34
27,2018,3,6,3+,DocumentationExam,81,81,2.363,81,81,2.363,2.363
27,2018,3,7,3+,DocumentationExam,76,76,2.733,77.5,77.5,2.633,2.683
27,2018,3,8,3+,DocumentationExam,95,95,1.263,94.5,94.5,1.288609524,1.276
27,2018,3,9,3+,DocumentationExam,72,72,2.999574074,72,72,2.999574074,3
27,2018,3,10,3+,DocumentationExam,81,81,2.363,81.5,81.5,2.317,2.34
27,2018,3,11,3+,DocumentationExam,73,73,2.932974074,73,73,2.932974074,2.933
27,2018,3,12,3+,DocumentationExam,58.5,58.5,3.899937354,58.5,58.5,3.899937354,3.9
27,2018,3,13,6+,DocumentationExam,76.5,76.5,2.7,76.5,76.5,2.7,2.7
27,2018,3,14,6+,DocumentationExam,80,80,2.454,80.5,80.5,2.408,2.431
27,2018,3,15,3+,DocumentationExam,88,88,1.727166667,88,88,1.727166667,1.727
29,2017,2,1,3+,InfoSecExam,72.5,72.5,2.966274074,72,72,2.999574074,2.983
29,2017,2,2,3+,InfoSecExam,72.5,72.5,2.966274074,72.5,72.5,2.966274074,2.966
29,2017,2,3,3+,InfoSecExam,95,95,1.263,95,95,1.263,1.263
29,2017,2,4,3+,InfoSecExam,65,65,3.465774074,66,66,3.399174074,3.432
29,2017,2,5,3+,InfoSecExam,67.5,67.5,3.299274074,70.5,70.5,3.099474074,3.199
29,2017,2,6,3+,InfoSecExam,60,60,3.800209524,60,60,3.800209524,3.8
29,2017,2,7,3+,InfoSecExam,72.5,72.5,2.966274074,73,73,2.932974074,2.95
29,2017,2,8,3+,InfoSecExam,74.5,74.5,2.833074074,75.5,75.5,2.766,2.8
29,2017,2,9,3+,InfoSecExam,63,63,3.6,62.5,62.5,3.633,3.617
29,2017,2,10,3+,InfoSecExam,72,72,2.999574074,72,72,2.999574074,3
29,2017,2,11,3+,InfoSecExam,79.5,79.5,2.499,80.5,80.5,2.408,2.454
29,2017,2,12,3+,InfoSecExam,78,78,2.6,78,78,2.6,2.6
29,2017,2,1,3+,LabExam,59,59,3.866,60.5,60.5,3.766,3.816
29,2017,2,2,3+,LabExam,72,72,2.999574074,72,72,2.999574074,3
29,2017,2,3,3+,LabExam,97,97,1.158,97,97,1.158,1.158
29,2017,2,4,3+,LabExam,61.5,61.5,3.7,61.5,61.5,3.7,3.7
29,2017,2,5,3+,LabExam,63,63,3.6,63,63,3.6,3.6
29,2017,2,6,3+,LabExam,55,55,4.132854505,55,55,4.132854505,4.133
29,2017,2,7,3+,LabExam,54,54,4.19946077,53.5,53.5,4.232763902,4.216
29,2017,2,8,3+,LabExam,91,91,1.473,91,91,1.473,1.473
29,2017,2,9,3+,LabExam,99,99,1.053,99,99,1.053,1.053
29,2017,2,10,3+,LabExam,76,76,2.733,77.5,77.5,2.633,2.683
29,2017,2,11,3+,LabExam,65.5,65.5,3.432474074,65.5,65.5,3.432474074,3.432
29,2017,2,12,3+,LabExam,54,54,4.19946077,54,54,4.19946077,4.199
29,2017,2,1,3+,FoundationExam,68,68,3.265974074,67.5,67.5,3.299274074,3.283
29,2017,2,2,3+,FoundationExam,60.5,60.5,3.766,60.5,60.5,3.766,3.766
29,2017,2,3,3+,FoundationExam,82,82,2.272,82.5,82.5,2.227,2.25
29,2017,2,4,3+,FoundationExam,60.5,60.5,3.766,58.5,58.5,3.899937354,3.833
29,2017,2,5,3+,FoundationExam,61,61,3.733466667,61,61,3.733466667,3.733
29,2017,2,6,3+,FoundationExam,47.5,47.5,4.605,47.5,47.5,4.605,4.605
29,2017,2,7,3+,FoundationExam,58,58,3.966,58.5,58.5,3.899937354,3.933
29,2017,2,8,3+,FoundationExam,77.5,77.5,2.633,77,77,2.667166667,2.65
29,2017,2,9,3+,FoundationExam,77,77,2.667166667,76,76,2.733,2.7
29,2017,2,10,3+,FoundationExam,78,78,2.6,78,78,2.6,2.6
29,2017,2,11,3+,FoundationExam,83,83,2.181,80,80,2.454,2.318
29,2017,2,12,3+,FoundationExam,65,65,3.465774074,62,62,3.667,3.566
29,2017,2,1,3+,DocumentationExam,155,62,3.667,NA,NA,Prüfer 2,NA
29,2017,2,2,3+,DocumentationExam,186.5,74.6,2.833074074,Punkte,Prozent,Note,Gesamtnote
29,2017,2,3,3+,DocumentationExam,231,92.4,1.419752381,250,100,NA,NA
29,2017,2,4,3+,DocumentationExam,170.5,68.2,3.265974074,168.5,67.4,3.332574074,3.5
29,2017,2,5,3+,DocumentationExam,147.5,59,3.866,177,70.8,3.099474074,2.966
29,2017,2,6,3+,DocumentationExam,140.5,56.2,4.06624824,230.5,92.2,1.419752381,1.42
29,2017,2,7,3+,DocumentationExam,157.5,63,3.6,179.5,71.8,3.032874074,3.149
29,2017,2,8,3+,DocumentationExam,226,90.4,1.545,162,64.8,3.499074074,3.683
29,2017,2,9,3+,DocumentationExam,212.5,85,2.000166667,150,60,3.800209524,3.933
29,2017,2,10,3+,DocumentationExam,192.5,77,2.667166667,158.5,63.4,3.6,3.6
29,2017,2,11,3+,DocumentationExam,183.5,73.4,2.932974074,236.5,94.6,1.288609524,1.417
29,2017,2,12,3+,DocumentationExam,137.5,55,4.132854505,225.5,90.2,1.545,1.773
29,2017,3,1,3+,InfoSecExam,79,79,2.533,80.5,80.5,2.408,2.471
29,2017,3,2,3+,InfoSecExam,72,72,2.999574074,72,72,2.999574074,3
29,2017,3,3,3+,InfoSecExam,78,78,2.6,77.5,77.5,2.633,2.617
29,2017,3,4,3+,InfoSecExam,58,58,3.966,56.5,56.5,4.06624824,4.016
29,2017,3,5,3+,InfoSecExam,55,55,4.132854505,53.5,53.5,4.232763902,4.183
29,2017,3,6,3+,InfoSecExam,72,72,2.999574074,71.5,71.5,3.032874074,3.016
29,2017,3,7,3+,InfoSecExam,71.5,71.5,3.032874074,71.5,71.5,3.032874074,3.033
29,2017,3,8,3+,InfoSecExam,72,72,2.999574074,69.5,69.5,3.166074074,3.083
29,2017,3,9,3+,InfoSecExam,79,79,2.533,79,79,2.533,2.533
29,2017,3,10,3+,InfoSecExam,77,77,2.667166667,80,80,2.454,2.561
29,2017,3,11,3+,InfoSecExam,61,61,3.733466667,58.5,58.5,3.899937354,3.817
29,2017,3,12,3+,InfoSecExam,81,81,2.363,78.5,78.5,2.567,2.465
29,2017,3,1,3+,LabExam,79,79,2.533,79,79,2.533,2.533
29,2017,3,2,3+,LabExam,91.5,91.5,1.445980952,91.5,91.5,1.445980952,1.446
29,2017,3,3,3+,LabExam,69,69,3.199374074,69,69,3.199374074,3.199
29,2017,3,4,3+,LabExam,70.5,70.5,3.099474074,70.5,70.5,3.099474074,3.099
29,2017,3,5,3+,LabExam,68,68,3.265974074,68,68,3.265974074,3.266
29,2017,3,6,3+,LabExam,58.5,58.5,3.899937354,58.5,58.5,3.899937354,3.9
29,2017,3,7,3+,LabExam,55.5,55.5,4.099,55.5,55.5,4.099,4.099
29,2017,3,8,3+,LabExam,94,94,1.314838095,94,94,1.314838095,1.315
29,2017,3,9,3+,LabExam,81,81,2.363,81,81,2.363,2.363
29,2017,3,10,3+,LabExam,84.5,84.5,2.045,84.5,84.5,2.045,2.045
29,2017,3,11,3+,LabExam,65,65,3.465774074,65,65,3.465774074,3.466
29,2017,3,12,3+,LabExam,67.5,67.5,3.299274074,67.5,67.5,3.299274074,3.299
29,2017,3,1,3+,FoundationExam,73.5,73.5,2.899674074,73.5,73.5,2.899674074,2.9
29,2017,3,2,3+,FoundationExam,70,70,3.132774074,70,70,3.132774074,3.133
29,2017,3,3,3+,FoundationExam,58,58,3.966,57.5,57.5,3.999641975,3.983
29,2017,3,4,3+,FoundationExam,66,66,3.399174074,66,66,3.399174074,3.399
29,2017,3,5,3+,FoundationExam,42.5,42.5,4.868144444,39,39,5.052244444,4.96
29,2017,3,6,3+,FoundationExam,61.5,61.5,3.7,59,59,3.866,3.783
29,2017,3,7,3+,FoundationExam,62.5,62.5,3.633,61.5,61.5,3.7,3.667
29,2017,3,8,3+,FoundationExam,81.5,81.5,2.317,80.5,80.5,2.408,2.363
29,2017,3,9,3+,FoundationExam,85,85,2.000166667,85,85,2.000166667,2
29,2017,3,10,3+,FoundationExam,69.5,69.5,3.166074074,69.5,69.5,3.166074074,3.166
29,2017,3,11,3+,FoundationExam,66.5,66.5,3.365874074,64.5,64.5,3.499074074,3.432
29,2017,3,12,3+,FoundationExam,81,81,2.363,79.5,79.5,2.499,2.431
29,2017,3,1,3+,DocumentationExam,171.5,68.6,3.232674074,NA,NA,Prüfer 2,NA
29,2017,3,2,3+,DocumentationExam,197.5,79,2.533,Punkte,Prozent,Note,Gesamtnote
29,2017,3,3,3+,DocumentationExam,162.5,65,3.465774074,250,100,NA,NA
29,2017,3,4,3+,DocumentationExam,179.5,71.8,3.032874074,172,68.8,3.232674074,3.233
29,2017,3,5,3+,DocumentationExam,176,70.4,3.132774074,198,79.2,2.533,2.533
29,2017,3,6,3+,DocumentationExam,149.5,59.8,3.833278307,162.5,65,3.465774074,3.466
29,2017,3,7,3+,DocumentationExam,196,78.4,2.6,181.5,72.6,2.966274074,3
29,2017,3,8,3+,DocumentationExam,223.5,89.4,1.636,176,70.4,3.132774074,3.133
29,2017,3,9,3+,DocumentationExam,226,90.4,1.545,149.5,59.8,3.833278307,3.833
29,2017,3,10,3+,DocumentationExam,204,81.6,2.317,196,78.4,2.6,2.6
29,2017,3,11,3+,DocumentationExam,195,78,2.6,223.5,89.4,1.636,1.636
29,2017,3,12,3+,DocumentationExam,220.5,88.2,1.727166667,226,90.4,1.545,1.545
29,2017,4,1,3+,InfoSecExam,69.5,69.5,3.166074074,72,72,2.999574074,3.083
29,2017,4,2,3+,InfoSecExam,75.5,75.5,2.766,73,73,2.932974074,2.849
29,2017,4,3,3+,InfoSecExam,68,68,3.265974074,65,65,3.465774074,3.366
29,2017,4,4,3+,InfoSecExam,81,81,2.363,78.5,78.5,2.567,2.465
29,2017,4,5,3+,InfoSecExam,57,57,4.032945107,54.5,54.5,4.166157637,4.1
29,2017,4,6,3+,InfoSecExam,40,40,4.999644444,41,41,4.947044444,4.973
29,2017,4,7,3+,InfoSecExam,68.5,68.5,3.232674074,69,69,3.199374074,3.216
29,2017,4,8,3+,InfoSecExam,45.5,45.5,4.71,44,44,4.789244444,4.75
29,2017,4,9,3+,InfoSecExam,62.5,62.5,3.633,62,62,3.667,3.65
29,2017,4,10,6+,InfoSecExam,45.5,45.5,4.71,43,43,4.841844444,4.776
29,2017,4,11,3+,InfoSecExam,69.5,69.5,3.166074074,68,68,3.265974074,3.216
29,2017,4,1,3+,LabExam,84.5,84.5,2.045,84.5,84.5,2.045,2.045
29,2017,4,2,3+,LabExam,81,81,2.363,81,81,2.363,2.363
29,2017,4,3,3+,LabExam,61.5,61.5,3.7,61.5,61.5,3.7,3.7
29,2017,4,4,3+,LabExam,79,79,2.533,79,79,2.533,2.533
29,2017,4,5,3+,LabExam,42,42,4.894444444,42,42,4.894444444,4.894
29,2017,4,6,3+,LabExam,64.5,64.5,3.499074074,64.5,64.5,3.499074074,3.499
29,2017,4,7,3+,LabExam,74,74,2.866374074,74,74,2.866374074,2.866
29,2017,4,8,3+,LabExam,61,61,3.733466667,61,61,3.733466667,3.733
29,2017,4,9,3+,LabExam,48.5,48.5,4.553,48.5,48.5,4.553,4.553
29,2017,4,10,6+,LabExam,21.5,21.5,5.648,21.5,21.5,5.648,5.648
29,2017,4,11,3+,LabExam,85.5,85.5,1.954,85.5,85.5,1.954,1.954
29,2017,4,1,3+,FoundationExam,73,73,2.932974074,72.5,72.5,2.966274074,2.95
29,2017,4,2,3+,FoundationExam,70,70,3.132774074,69,69,3.199374074,3.166
29,2017,4,3,3+,FoundationExam,65.5,65.5,3.432474074,64,64,3.533,3.483
29,2017,4,4,3+,FoundationExam,76.5,76.5,2.7,76,76,2.733,2.717
29,2017,4,5,3+,FoundationExam,54,54,4.19946077,54,54,4.19946077,4.199
29,2017,4,6,3+,FoundationExam,41.5,41.5,4.920744444,40.5,40.5,4.973344444,4.947
29,2017,4,7,3+,FoundationExam,70,70,3.132774074,68,68,3.265974074,3.199
29,2017,4,8,3+,FoundationExam,56,56,4.06624824,55,55,4.132854505,4.1
29,2017,4,9,3+,FoundationExam,63,63,3.6,60.5,60.5,3.766,3.683
29,2017,4,10,6+,FoundationExam,40,40,4.999644444,36.5,36.5,5.183744444,5.092
29,2017,4,11,3+,FoundationExam,77,77,2.667166667,75,75,2.8,2.734
29,2017,4,1,3+,DocumentationExam,218,87.2,1.818166667,NA,NA,NA,NA
29,2017,4,2,3+,DocumentationExam,179,71.6,3.032874074,NA,NA,Prüfer 2,NA
29,2017,4,3,3+,DocumentationExam,156,62.4,3.667,Punkte,Prozent,Note,Gesamtnote
29,2017,4,4,3+,DocumentationExam,187,74.8,2.833074074,250,100,NA,NA
29,2017,4,5,3+,DocumentationExam,133.5,53.4,4.266067035,217,86.8,1.863,1.841
29,2017,4,6,3+,DocumentationExam,145,58,3.933266878,179,71.6,3.032874074,3.033
29,2017,4,7,3+,DocumentationExam,173,69.2,3.199374074,156,62.4,3.667,3.667
29,2017,4,8,3+,DocumentationExam,132.5,53,4.266067035,187,74.8,2.833074074,2.833
29,2017,4,9,3+,DocumentationExam,105,42,4.894444444,133.5,53.4,4.266067035,4.266
29,2017,4,10,6+,DocumentationExam,85.5,34.2,5.315244444,145,58,3.933266878,3.933
29,2017,4,11,3+,DocumentationExam,200,80,2.454,179.5,71.8,3.032874074,3.116
29,2018,2,1,3+,InfoSecExam,66,66,3.399174074,65.5,65.5,3.432474074,3.416
29,2018,2,2,3+,InfoSecExam,93,93,1.368,92,92,1.419752381,1.394
29,2018,2,3,6+,InfoSecExam,96.5,96.5,1.183695238,92.5,92.5,1.39352381,1.289
29,2018,2,4,3+,InfoSecExam,67,67,3.332574074,66,66,3.399174074,3.366
29,2018,2,5,3+,InfoSecExam,72,72,2.999574074,72,72,2.999574074,3
29,2018,2,6,3+,InfoSecExam,83.5,83.5,2.136,85.5,85.5,1.954,2.045
29,2018,2,7,3+,InfoSecExam,89,89,1.636,88,88,1.727166667,1.682
29,2018,2,8,3+,InfoSecExam,87,87,1.818166667,89.5,89.5,1.591,1.705
29,2018,2,9,3+,InfoSecExam,91.5,91.5,1.445980952,89.5,89.5,1.591,1.518
29,2018,2,10,3+,InfoSecExam,80,80,2.454,79.5,79.5,2.499,2.477
29,2018,2,11,3+,InfoSecExam,72.5,72.5,2.966274074,71,71,3.066174074,3.016
29,2018,2,12,3+,InfoSecExam,81.5,81.5,2.317,78,78,2.6,2.459
29,2018,2,13,3+,InfoSecExam,89.5,89.5,1.591,90.5,90.5,1.499,1.545
29,2018,2,14,3+,InfoSecExam,62.5,62.5,3.633,62.5,62.5,3.633,3.633
29,2018,2,15,3+,InfoSecExam,75,75,2.8,74,74,2.866374074,2.833
29,2018,2,1,3+,LabExam,36.5,36.5,5.183744444,36.5,36.5,5.183744444,5.184
29,2018,2,2,3+,LabExam,89.5,89.5,1.591,89.5,89.5,1.591,1.591
29,2018,2,3,6+,LabExam,100,100,1,100,100,1,1
29,2018,2,4,3+,LabExam,61,61,3.733466667,61,61,3.733466667,3.733
29,2018,2,5,3+,LabExam,75,75,2.8,75,75,2.8,2.8
29,2018,2,6,3+,LabExam,88.5,88.5,1.681666667,88.5,88.5,1.681666667,1.682
29,2018,2,7,3+,LabExam,75.5,75.5,2.766,75.5,75.5,2.766,2.766
29,2018,2,8,3+,LabExam,89.5,89.5,1.591,89.5,89.5,1.591,1.591
29,2018,2,9,3+,LabExam,96.5,96.5,1.183695238,96.5,96.5,1.183695238,1.184
29,2018,2,10,3+,LabExam,71,71,3.066174074,71,71,3.066174074,3.066
29,2018,2,11,3+,LabExam,99,99,1.053,99,99,1.053,1.053
29,2018,2,12,3+,LabExam,60,60,3.800209524,60,60,3.800209524,3.8
29,2018,2,13,3+,LabExam,98,98,1.105,98,98,1.105,1.105
29,2018,2,14,3+,LabExam,65,65,3.465774074,65,65,3.465774074,3.466
29,2018,2,15,3+,LabExam,73,73,2.932974074,73,73,2.932974074,2.933
29,2018,2,1,3+,FoundationExam,58.5,58.5,3.899937354,59.5,59.5,3.833278307,3.867
29,2018,2,2,3+,FoundationExam,83.5,83.5,2.136,84,84,2.09,2.113
29,2018,2,3,6+,FoundationExam,89,89,1.636,89,89,1.636,1.636
29,2018,2,4,3+,FoundationExam,59.5,59.5,3.833278307,62,62,3.667,3.75
29,2018,2,5,3+,FoundationExam,81,81,2.363,81,81,2.363,2.363
29,2018,2,6,3+,FoundationExam,76.5,76.5,2.7,77.5,77.5,2.633,2.667
29,2018,2,7,3+,FoundationExam,79,79,2.533,79,79,2.533,2.533
29,2018,2,8,3+,FoundationExam,78,78,2.6,77,77,2.667166667,2.634
29,2018,2,9,3+,FoundationExam,76,76,2.733,76.5,76.5,2.7,2.717
29,2018,2,10,3+,FoundationExam,65,65,3.465774074,65.5,65.5,3.432474074,3.449
29,2018,2,11,3+,FoundationExam,81.5,81.5,2.317,82.5,82.5,2.227,2.272
29,2018,2,12,3+,FoundationExam,57,57,4.032945107,57.5,57.5,3.999641975,4.016
29,2018,2,13,3+,FoundationExam,89.5,89.5,1.591,89.5,89.5,1.591,1.591
29,2018,2,14,3+,FoundationExam,46.5,46.5,4.658,47.5,47.5,4.605,4.632
29,2018,2,15,3+,FoundationExam,72.5,72.5,2.966274074,71,71,3.066174074,3.016
29,2018,2,1,3+,DocumentationExam,53,53,4.266067035,NA,NA,NA,4.266
29,2018,2,2,3+,DocumentationExam,92.5,92.5,1.39352381,NA,NA,NA,1.394
29,2018,2,3,6+,DocumentationExam,95.5,95.5,1.236152381,NA,NA,NA,1.236
29,2018,2,4,3+,DocumentationExam,79.5,79.5,2.499,NA,NA,NA,2.499
29,2018,2,5,3+,DocumentationExam,70.5,70.5,3.099474074,NA,NA,NA,3.099
29,2018,2,6,3+,DocumentationExam,92.5,92.5,1.39352381,NA,NA,NA,1.394
29,2018,2,7,3+,DocumentationExam,84,84,2.09,NA,NA,NA,2.09
29,2018,2,8,3+,DocumentationExam,92.5,92.5,1.39352381,NA,NA,NA,1.394
29,2018,2,9,3+,DocumentationExam,96,96,1.20992381,NA,NA,NA,1.21
29,2018,2,10,3+,DocumentationExam,85.5,85.5,1.954,NA,NA,NA,1.954
29,2018,2,11,3+,DocumentationExam,91.5,91.5,1.445980952,NA,NA,NA,1.446
29,2018,2,12,3+,DocumentationExam,66.5,66.5,3.365874074,NA,NA,NA,3.366
29,2018,2,13,3+,DocumentationExam,91,91,1.473,NA,NA,NA,1.473
29,2018,2,14,3+,DocumentationExam,59.5,59.5,3.833278307,NA,NA,NA,3.833
29,2018,2,15,3+,DocumentationExam,63.5,63.5,3.567,NA,NA,NA,3.567
29,2018,3,1,3+,InfoSecExam,64,64,3.533,64,64,3.533,3.533
29,2018,3,2,3+,InfoSecExam,67,67,3.332574074,67,67,3.332574074,3.333
29,2018,3,3,3+,InfoSecExam,59.5,59.5,3.833278307,59.5,59.5,3.833278307,3.833
29,2018,3,4,3+,InfoSecExam,64,64,3.533,64,64,3.533,3.533
29,2018,3,5,3+,InfoSecExam,77,77,2.667166667,77,77,2.667166667,2.667
29,2018,3,6,3+,InfoSecExam,54,54,4.19946077,54,54,4.19946077,4.199
29,2018,3,7,3+,InfoSecExam,60,60,3.800209524,60,60,3.800209524,3.8
29,2018,3,8,3+,InfoSecExam,71,71,3.066174074,71,71,3.066174074,3.066
29,2018,3,9,3+,InfoSecExam,61.5,61.5,3.7,61.5,61.5,3.7,3.7
29,2018,3,10,6+,InfoSecExam,72,72,2.999574074,72,72,2.999574074,3
29,2018,3,11,3+,InfoSecExam,63,63,3.6,63,63,3.6,3.6
29,2018,3,12,3+,InfoSecExam,54,54,4.19946077,54,54,4.19946077,4.199
29,2018,3,13,3+,InfoSecExam,85.5,85.5,1.954,85.5,85.5,1.954,1.954
29,2018,3,14,3+,InfoSecExam,74.5,74.5,2.833074074,74.5,74.5,2.833074074,2.833
29,2018,3,15,3+,InfoSecExam,65,65,3.465774074,65,65,3.465774074,3.466
29,2018,3,1,3+,LabExam,65,65,3.465774074,65,65,3.465774074,3.466
29,2018,3,2,3+,LabExam,54.5,54.5,4.166157637,54.5,54.5,4.166157637,4.166
29,2018,3,3,3+,LabExam,61.5,61.5,3.7,61.5,61.5,3.7,3.7
29,2018,3,4,3+,LabExam,84.5,84.5,2.045,84.5,84.5,2.045,2.045
29,2018,3,5,3+,LabExam,84.5,84.5,2.045,84.5,84.5,2.045,2.045
29,2018,3,6,3+,LabExam,52.5,52.5,4.299370167,52.5,52.5,4.299370167,4.299
29,2018,3,7,3+,LabExam,36.5,36.5,5.183744444,36.5,36.5,5.183744444,5.184
29,2018,3,8,3+,LabExam,49.5,49.5,4.499188962,49.5,49.5,4.499188962,4.499
29,2018,3,9,3+,LabExam,72,72,2.999574074,72,72,2.999574074,3
29,2018,3,10,6+,LabExam,93,93,1.368,93,93,1.368,1.368
29,2018,3,11,3+,LabExam,48,48,4.579,48,48,4.579,4.579
29,2018,3,12,3+,LabExam,37.5,37.5,5.131144444,37.5,37.5,5.131144444,5.131
29,2018,3,13,3+,LabExam,83.5,83.5,2.136,83.5,83.5,2.136,2.136
29,2018,3,14,3+,LabExam,82.5,82.5,2.227,82.5,82.5,2.227,2.227
29,2018,3,15,3+,LabExam,54,54,4.19946077,54,54,4.19946077,4.199
29,2018,3,1,3+,FoundationExam,78.5,78.5,2.567,76.5,76.5,2.7,2.634
29,2018,3,2,3+,FoundationExam,80,80,2.454,75.5,75.5,2.766,2.61
29,2018,3,3,3+,FoundationExam,54.5,54.5,4.166157637,52,52,4.3326733,4.249
29,2018,3,4,3+,FoundationExam,73.5,73.5,2.899674074,70.5,70.5,3.099474074,3
29,2018,3,5,3+,FoundationExam,89.5,89.5,1.591,84.5,84.5,2.045,1.818
29,2018,3,6,3+,FoundationExam,65,65,3.465774074,61,61,3.733466667,3.6
29,2018,3,7,3+,FoundationExam,54,54,4.19946077,51,51,4.399279565,4.299
29,2018,3,8,3+,FoundationExam,43.5,43.5,4.815,40.5,40.5,4.973344444,4.894
29,2018,3,9,3+,FoundationExam,73,73,2.932974074,74,74,2.866374074,2.9
29,2018,3,10,6+,FoundationExam,82,82,2.272,82.5,82.5,2.227,2.25
29,2018,3,11,3+,FoundationExam,72.5,72.5,2.966274074,67.5,67.5,3.299274074,3.133
29,2018,3,12,3+,FoundationExam,57.5,57.5,3.999641975,52.5,52.5,4.299370167,4.15
29,2018,3,13,3+,FoundationExam,82,82,2.272,79.5,79.5,2.499,2.386
29,2018,3,14,3+,FoundationExam,87.5,87.5,1.772,87,87,1.818166667,1.795
29,2018,3,15,3+,FoundationExam,60.5,60.5,3.766,56.5,56.5,4.06624824,3.916
29,2018,3,1,3+,DocumentationExam,78,78,2.6,78,78,2.6,2.6
29,2018,3,2,3+,DocumentationExam,77.5,77.5,2.633,77.5,77.5,2.633,2.633
29,2018,3,3,3+,DocumentationExam,76,76,2.733,76,76,2.733,2.733
29,2018,3,4,3+,DocumentationExam,85,85,2.000166667,85,85,2.000166667,2
29,2018,3,5,3+,DocumentationExam,94.5,94.5,1.288609524,94.5,94.5,1.288609524,1.289
29,2018,3,6,3+,DocumentationExam,74,74,2.866374074,74,74,2.866374074,2.866
29,2018,3,7,3+,DocumentationExam,75.5,75.5,2.766,75.5,75.5,2.766,2.766
29,2018,3,8,3+,DocumentationExam,66.5,66.5,3.365874074,66.5,66.5,3.365874074,3.366
29,2018,3,9,3+,DocumentationExam,82,82,2.272,82,82,2.272,2.272
29,2018,3,10,6+,DocumentationExam,94.5,94.5,1.288609524,94.5,94.5,1.288609524,1.289
29,2018,3,11,3+,DocumentationExam,69.5,69.5,3.166074074,69.5,69.5,3.166074074,3.166
29,2018,3,12,3+,DocumentationExam,79.5,79.5,2.499,79.5,79.5,2.499,2.499
29,2018,3,13,3+,DocumentationExam,93,93,1.368,93,93,1.368,1.368
29,2018,3,14,3+,DocumentationExam,96,96,1.20992381,96,96,1.20992381,1.21
29,2018,3,15,3+,DocumentationExam,63,63,3.6,63,63,3.6,3.6
29,2018,4,1,3+,InfoSecExam,NA,NA,NA,NA,NA,NA,NA
29,2018,4,2,3+,InfoSecExam,NA,NA,NA,NA,NA,NA,NA
29,2018,4,3,3+,InfoSecExam,NA,NA,NA,NA,NA,NA,NA
29,2018,4,4,3+,InfoSecExam,NA,NA,NA,NA,NA,NA,NA
29,2018,4,5,3+,InfoSecExam,NA,NA,NA,NA,NA,NA,NA
29,2018,4,6,3+,InfoSecExam,NA,NA,NA,NA,NA,NA,NA
29,2018,4,7,3+,InfoSecExam,NA,NA,NA,NA,NA,NA,NA
29,2018,4,8,3+,InfoSecExam,NA,NA,NA,NA,NA,NA,NA
29,2018,4,9,3+,InfoSecExam,NA,NA,NA,NA,NA,NA,NA
29,2018,4,10,3+,InfoSecExam,NA,NA,NA,NA,NA,NA,NA
29,2018,4,11,3+,InfoSecExam,NA,NA,NA,NA,NA,NA,NA
29,2018,4,12,3+,InfoSecExam,NA,NA,NA,NA,NA,NA,NA
29,2018,4,13,3+,InfoSecExam,NA,NA,NA,NA,NA,NA,NA
29,2018,4,14,3+,InfoSecExam,NA,NA,NA,NA,NA,NA,NA
29,2018,4,15,3+,InfoSecExam,NA,NA,NA,NA,NA,NA,NA
29,2018,4,1,3+,LabExam,NA,NA,NA,NA,NA,NA,NA
29,2018,4,2,3+,LabExam,NA,NA,NA,NA,NA,NA,NA
29,2018,4,3,3+,LabExam,NA,NA,NA,NA,NA,NA,NA
29,2018,4,4,3+,LabExam,NA,NA,NA,NA,NA,NA,NA
29,2018,4,5,3+,LabExam,NA,NA,NA,NA,NA,NA,NA
29,2018,4,6,3+,LabExam,NA,NA,NA,NA,NA,NA,NA
29,2018,4,7,3+,LabExam,NA,NA,NA,NA,NA,NA,NA
29,2018,4,8,3+,LabExam,NA,NA,NA,NA,NA,NA,NA
29,2018,4,9,3+,LabExam,NA,NA,NA,NA,NA,NA,NA
29,2018,4,10,3+,LabExam,NA,NA,NA,NA,NA,NA,NA
29,2018,4,11,3+,LabExam,NA,NA,NA,NA,NA,NA,NA
29,2018,4,12,3+,LabExam,NA,NA,NA,NA,NA,NA,NA
29,2018,4,13,3+,LabExam,NA,NA,NA,NA,NA,NA,NA
29,2018,4,14,3+,LabExam,NA,NA,NA,NA,NA,NA,NA
29,2018,4,15,3+,LabExam,NA,NA,NA,NA,NA,NA,NA
29,2018,4,1,3+,FoundationExam,NA,NA,NA,NA,NA,NA,NA
29,2018,4,2,3+,FoundationExam,NA,NA,NA,NA,NA,NA,NA
29,2018,4,3,3+,FoundationExam,NA,NA,NA,NA,NA,NA,NA
29,2018,4,4,3+,FoundationExam,NA,NA,NA,NA,NA,NA,NA
29,2018,4,5,3+,FoundationExam,NA,NA,NA,NA,NA,NA,NA
29,2018,4,6,3+,FoundationExam,NA,NA,NA,NA,NA,NA,NA
29,2018,4,7,3+,FoundationExam,NA,NA,NA,NA,NA,NA,NA
29,2018,4,8,3+,FoundationExam,NA,NA,NA,NA,NA,NA,NA
29,2018,4,9,3+,FoundationExam,NA,NA,NA,NA,NA,NA,NA
29,2018,4,10,3+,FoundationExam,NA,NA,NA,NA,NA,NA,NA
29,2018,4,11,3+,FoundationExam,NA,NA,NA,NA,NA,NA,NA
29,2018,4,12,3+,FoundationExam,NA,NA,NA,NA,NA,NA,NA
29,2018,4,13,3+,FoundationExam,NA,NA,NA,NA,NA,NA,NA
29,2018,4,14,3+,FoundationExam,NA,NA,NA,NA,NA,NA,NA
29,2018,4,15,3+,FoundationExam,NA,NA,NA,NA,NA,NA,NA
29,2018,4,1,3+,DocumentationExam,NA,NA,NA,NA,NA,NA,NA
29,2018,4,2,3+,DocumentationExam,NA,NA,NA,NA,NA,NA,NA
29,2018,4,3,3+,DocumentationExam,NA,NA,NA,NA,NA,NA,NA
29,2018,4,4,3+,DocumentationExam,NA,NA,NA,NA,NA,NA,NA
29,2018,4,5,3+,DocumentationExam,NA,NA,NA,NA,NA,NA,NA
29,2018,4,6,3+,DocumentationExam,NA,NA,NA,NA,NA,NA,NA
29,2018,4,7,3+,DocumentationExam,NA,NA,NA,NA,NA,NA,NA
29,2018,4,8,3+,DocumentationExam,NA,NA,NA,NA,NA,NA,NA
29,2018,4,9,3+,DocumentationExam,NA,NA,NA,NA,NA,NA,NA
29,2018,4,10,3+,DocumentationExam,NA,NA,NA,NA,NA,NA,NA
29,2018,4,11,3+,DocumentationExam,NA,NA,NA,NA,NA,NA,NA
29,2018,4,12,3+,DocumentationExam,NA,NA,NA,NA,NA,NA,NA
29,2018,4,13,3+,DocumentationExam,NA,NA,NA,NA,NA,NA,NA
29,2018,4,14,3+,DocumentationExam,NA,NA,NA,NA,NA,NA,NA
29,2018,4,15,3+,DocumentationExam,NA,NA,NA,NA,NA,NA,NA
30,2018,3,1,3+,InfoSecExam,72,72,2.999574074,72.5,72.5,2.966274074,2.983
30,2018,3,2,3+,InfoSecExam,75.5,75.5,2.766,75.5,75.5,2.766,2.766
30,2018,3,3,3+,InfoSecExam,50,50,4.46588583,49,49,4.526,4.496
30,2018,3,4,3+,InfoSecExam,74.5,74.5,2.833074074,74,74,2.866374074,2.85
30,2018,3,5,3+,InfoSecExam,65,65,3.465774074,64,64,3.533,3.499
30,2018,3,6,3+,InfoSecExam,56.5,56.5,4.06624824,55,55,4.132854505,4.1
30,2018,3,7,3+,InfoSecExam,51,51,4.399279565,49.5,49.5,4.499188962,4.449
30,2018,3,8,6+,InfoSecExam,67,67,3.332574074,66.5,66.5,3.365874074,3.349
30,2018,3,9,3+,InfoSecExam,56,56,4.06624824,54.5,54.5,4.166157637,4.116
30,2018,3,10,3+,InfoSecExam,80,80,2.454,79,79,2.533,2.494
30,2018,3,11,3+,InfoSecExam,52,52,4.3326733,51.5,51.5,4.365976432,4.349
30,2018,3,12,3+,InfoSecExam,94,94,1.314838095,94,94,1.314838095,1.315
30,2018,3,13,3+,InfoSecExam,71.5,71.5,3.032874074,70.5,70.5,3.099474074,3.066
30,2018,3,14,3+,InfoSecExam,63.5,63.5,3.567,63,63,3.6,3.584
30,2018,3,15,6+,InfoSecExam,72,72,2.999574074,71.5,71.5,3.032874074,3.016
30,2018,3,1,3+,LabExam,43.5,43.5,4.815,43.5,43.5,4.815,4.815
30,2018,3,2,3+,LabExam,76.5,76.5,2.7,76.5,76.5,2.7,2.7
30,2018,3,3,3+,LabExam,70,70,3.132774074,70,70,3.132774074,3.133
30,2018,3,4,3+,LabExam,64,64,3.533,64,64,3.533,3.533
30,2018,3,5,3+,LabExam,76,76,2.733,76,76,2.733,2.733
30,2018,3,6,3+,LabExam,38.5,38.5,5.078,38.5,38.5,5.078,5.078
30,2018,3,7,3+,LabExam,64,64,3.533,64,64,3.533,3.533
30,2018,3,8,6+,LabExam,53,53,4.266067035,53,53,4.266067035,4.266
30,2018,3,9,3+,LabExam,39.5,39.5,5.025944444,39.5,39.5,5.025944444,5.026
30,2018,3,10,3+,LabExam,93,93,1.368,93,93,1.368,1.368
30,2018,3,11,3+,LabExam,73,73,2.932974074,73,73,2.932974074,2.933
30,2018,3,12,3+,LabExam,90,90,1.545,90,90,1.545,1.545
30,2018,3,13,3+,LabExam,76,76,2.733,76,76,2.733,2.733
30,2018,3,14,3+,LabExam,81,81,2.363,81,81,2.363,2.363
30,2018,3,15,6+,LabExam,42,42,4.894444444,42,42,4.894444444,4.894
30,2018,3,1,3+,FoundationExam,38.97435897,38,5.078,39.48717949,38.5,5.052244444,5.065
30,2018,3,2,3+,FoundationExam,83.58974359,81.5,2.136,83.58974359,81.5,2.136,2.136
30,2018,3,3,3+,FoundationExam,58.97435897,57.5,3.899937354,59.48717949,58,3.866,3.883
30,2018,3,4,3+,FoundationExam,71.79487179,70,3.032874074,71.28205128,69.5,3.066174074,3.05
30,2018,3,5,3+,FoundationExam,67.17948718,65.5,3.332574074,67.17948718,65.5,3.332574074,3.333
30,2018,3,6,3+,FoundationExam,48.71794872,47.5,4.553,48.71794872,47.5,4.553,4.553
30,2018,3,7,3+,FoundationExam,70.25641026,68.5,3.132774074,70.76923077,69,3.099474074,3.116
30,2018,3,8,6+,FoundationExam,61.53846154,60,3.7,61.53846154,60,3.7,3.7
30,2018,3,9,3+,FoundationExam,62.05128205,60.5,3.667,63.07692308,61.5,3.6,3.634
30,2018,3,10,3+,FoundationExam,73.84615385,72,2.899674074,74.87179487,73,2.833074074,2.866
30,2018,3,11,3+,FoundationExam,61.02564103,59.5,3.733466667,61.02564103,59.5,3.733466667,3.733
30,2018,3,12,3+,FoundationExam,95.38461538,93,1.263,96.41025641,94,1.20992381,1.236
30,2018,3,13,3+,FoundationExam,71.28205128,69.5,3.066174074,70.25641026,68.5,3.132774074,3.099
30,2018,3,14,3+,FoundationExam,77.94871795,76,2.633,77.94871795,76,2.633,2.633
30,2018,3,15,6+,FoundationExam,66.66666667,65,3.365874074,66.66666667,65,3.365874074,3.366
30,2018,3,1,3+,DocumentationExam,75.5,75.5,2.766,75,75,2.8,2.783
30,2018,3,2,3+,DocumentationExam,84.5,84.5,2.045,83.5,83.5,2.136,2.091
30,2018,3,3,3+,DocumentationExam,73,73,2.932974074,72,72,2.999574074,2.966
30,2018,3,4,3+,DocumentationExam,78.5,78.5,2.567,78.5,78.5,2.567,2.567
30,2018,3,5,3+,DocumentationExam,65.5,65.5,3.432474074,65.5,65.5,3.432474074,3.432
30,2018,3,6,3+,DocumentationExam,58,58,3.933266878,58,58,3.933266878,3.933
30,2018,3,7,3+,DocumentationExam,65,65,3.465774074,65,65,3.465774074,3.466
30,2018,3,8,6+,DocumentationExam,61.5,61.5,3.7,61.5,61.5,3.7,3.7
30,2018,3,9,3+,DocumentationExam,64,64,3.533,63.5,63.5,3.567,3.55
30,2018,3,10,3+,DocumentationExam,84,84,2.09,82.5,82.5,2.227,2.159
30,2018,3,11,3+,DocumentationExam,67,67,3.332574074,67,67,3.332574074,3.333
30,2018,3,12,3+,DocumentationExam,95,95,1.263,93.5,93.5,1.341066667,1.302
30,2018,3,13,3+,DocumentationExam,75.5,75.5,2.766,75,75,2.8,2.783
30,2018,3,14,3+,DocumentationExam,86.5,86.5,1.863,86.5,86.5,1.863,1.863
30,2018,3,15,6+,DocumentationExam,70,70,3.132774074,70,70,3.132774074,3.133
32,2018,1,1,3+,InfoSecExam,79,79,2.533,78,78,2.6,2.567
32,2018,1,2,3+,InfoSecExam,68,68,3.265974074,69,69,3.199374074,3.233
32,2018,1,3,3+,InfoSecExam,61.5,61.5,3.7,61,61,3.733466667,3.717
32,2018,1,4,3+,InfoSecExam,87,87,1.818166667,87.5,87.5,1.772,1.795
32,2018,1,5,3+,InfoSecExam,72,72,2.999574074,72,72,2.999574074,3
32,2018,1,6,3+,InfoSecExam,46,46,4.684,47,47,4.631,4.658
32,2018,1,7,3+,InfoSecExam,54.5,54.5,4.166157637,53.5,53.5,4.232763902,4.199
32,2018,1,8,3+,InfoSecExam,46,46,4.684,46,46,4.684,4.684
32,2018,1,9,6+,InfoSecExam,79.5,79.5,2.499,79.5,79.5,2.499,2.499
32,2018,1,10,3+,InfoSecExam,64.5,64.5,3.499074074,64.5,64.5,3.499074074,3.499
32,2018,1,11,3+,InfoSecExam,81,81,2.363,81.5,81.5,2.317,2.34
32,2018,1,12,3+,InfoSecExam,79,79,2.533,78,78,2.6,2.567
32,2018,1,1,3+,LabExam,84,84,2.09,84,84,2.09,2.09
32,2018,1,2,3+,LabExam,93.5,93.5,1.341066667,93.5,93.5,1.341066667,1.341
32,2018,1,3,3+,LabExam,74,74,2.866374074,74,74,2.866374074,2.866
32,2018,1,4,3+,LabExam,94,94,1.314838095,94,94,1.314838095,1.315
32,2018,1,5,3+,LabExam,100,100,1,100,100,1,1
32,2018,1,6,3+,LabExam,70,70,3.132774074,70,70,3.132774074,3.133
32,2018,1,7,3+,LabExam,80,80,2.454,80,80,2.454,2.454
32,2018,1,8,3+,LabExam,94,94,1.314838095,94,94,1.314838095,1.315
32,2018,1,9,6+,LabExam,97,97,1.158,97,97,1.158,1.158
32,2018,1,10,3+,LabExam,93.5,93.5,1.341066667,93.5,93.5,1.341066667,1.341
32,2018,1,11,3+,LabExam,96.5,96.5,1.183695238,96.5,96.5,1.183695238,1.184
32,2018,1,12,3+,LabExam,76.5,76.5,2.7,76.5,76.5,2.7,2.7
32,2018,1,1,3+,FoundationExam,80.5,80.5,2.408,81,81,2.363,2.386
32,2018,1,2,3+,FoundationExam,71,71,3.066174074,72,72,2.999574074,3.033
32,2018,1,3,3+,FoundationExam,82.5,82.5,2.227,82,82,2.272,2.25
32,2018,1,4,3+,FoundationExam,87.5,87.5,1.772,87.5,87.5,1.772,1.772
32,2018,1,5,3+,FoundationExam,87.5,87.5,1.772,87.5,87.5,1.772,1.772
32,2018,1,6,3+,FoundationExam,51.5,51.5,4.365976432,51.5,51.5,4.365976432,4.366
32,2018,1,7,3+,FoundationExam,72,72,2.999574074,72,72,2.999574074,3
32,2018,1,8,3+,FoundationExam,75,75,2.8,76,76,2.733,2.767
32,2018,1,9,6+,FoundationExam,84,84,2.09,84.5,84.5,2.045,2.068
32,2018,1,10,3+,FoundationExam,74,74,2.866374074,75,75,2.8,2.833
32,2018,1,11,3+,FoundationExam,90.5,90.5,1.499,90.5,90.5,1.499,1.499
32,2018,1,12,3+,FoundationExam,69,69,3.199374074,69,69,3.199374074,3.199
32,2018,1,1,3+,DocumentationExam,202,80.8,2.408,202,80.8,2.408,2.408
32,2018,1,2,3+,DocumentationExam,217,86.8,1.863,217,86.8,1.863,1.863
32,2018,1,3,3+,DocumentationExam,209,83.6,2.136,208,83.2,2.181,2.159
32,2018,1,4,3+,DocumentationExam,205.5,82.2,2.272,205.5,82.2,2.272,2.272
32,2018,1,5,3+,DocumentationExam,223.5,89.4,1.636,222.5,89,1.636,1.636
32,2018,1,6,3+,DocumentationExam,218.5,87.4,1.818166667,219.5,87.8,1.772,1.795
32,2018,1,7,3+,DocumentationExam,158,63.2,3.6,161,64.4,3.533,3.567
32,2018,1,8,3+,DocumentationExam,211,84.4,2.09,211.5,84.6,2.045,2.068
32,2018,1,9,6+,DocumentationExam,214.5,85.8,1.954,215.5,86.2,1.909166667,1.932
32,2018,1,10,3+,DocumentationExam,206,82.4,2.272,207,82.8,2.227,2.25
32,2018,1,11,3+,DocumentationExam,240,96,1.20992381,240,96,1.20992381,1.21
32,2018,1,12,3+,DocumentationExam,169,67.6,3.299274074,170.5,68.2,3.265974074,3.283
32,2018,2,1,3+,InfoSecExam,52,52,4.3326733,51,51,4.399279565,4.366
32,2018,2,2,3+,InfoSecExam,80.5,80.5,2.408,80.5,80.5,2.408,2.408
32,2018,2,3,3+,InfoSecExam,72.5,72.5,2.966274074,72,72,2.999574074,2.983
32,2018,2,4,3+,InfoSecExam,67.5,67.5,3.299274074,67.5,67.5,3.299274074,3.299
32,2018,2,5,3+,InfoSecExam,74,74,2.866374074,73.5,73.5,2.899674074,2.883
32,2018,2,6,3+,InfoSecExam,71.5,71.5,3.032874074,71.5,71.5,3.032874074,3.033
32,2018,2,7,3+,InfoSecExam,47.5,47.5,4.605,49,49,4.526,4.566
32,2018,2,8,3+,InfoSecExam,42.5,42.5,4.868144444,42.5,42.5,4.868144444,4.868
32,2018,2,9,3+,InfoSecExam,72.5,72.5,2.966274074,73,73,2.932974074,2.95
32,2018,2,10,3+,InfoSecExam,76,76,2.733,76,76,2.733,2.733
32,2018,2,11,3+,InfoSecExam,61,61,3.733466667,61.5,61.5,3.7,3.717
32,2018,2,12,3+,InfoSecExam,45.5,45.5,4.71,44.5,44.5,4.762944444,4.736
32,2018,2,13,3+,InfoSecExam,71.5,71.5,3.032874074,71,71,3.066174074,3.05
32,2018,2,14,3+,InfoSecExam,74,74,2.866374074,74,74,2.866374074,2.866
32,2018,2,15,3+,InfoSecExam,60.5,60.5,3.766,60.5,60.5,3.766,3.766
32,2018,2,1,3+,LabExam,87.5,87.5,1.772,87.5,87.5,1.772,1.772
32,2018,2,2,3+,LabExam,85,85,2.000166667,85,85,2.000166667,2
32,2018,2,3,3+,LabExam,85,85,2.000166667,85,85,2.000166667,2
32,2018,2,4,3+,LabExam,51.5,51.5,4.365976432,51.5,51.5,4.365976432,4.366
32,2018,2,5,3+,LabExam,60.5,60.5,3.766,60.5,60.5,3.766,3.766
32,2018,2,6,3+,LabExam,88.5,88.5,1.681666667,88.5,88.5,1.681666667,1.682
32,2018,2,7,3+,LabExam,51,51,4.399279565,51,51,4.399279565,4.399
32,2018,2,8,3+,LabExam,70.5,70.5,3.099474074,70.5,70.5,3.099474074,3.099
32,2018,2,9,3+,LabExam,84.5,84.5,2.045,84.5,84.5,2.045,2.045
32,2018,2,10,3+,LabExam,91.5,91.5,1.445980952,90.5,90.5,1.499,1.472
32,2018,2,11,3+,LabExam,54.5,54.5,4.166157637,54.5,54.5,4.166157637,4.166
32,2018,2,12,3+,LabExam,76.5,76.5,2.7,76.5,76.5,2.7,2.7
32,2018,2,13,3+,LabExam,78.5,78.5,2.567,78.5,78.5,2.567,2.567
32,2018,2,14,3+,LabExam,66.5,66.5,3.365874074,66.5,66.5,3.365874074,3.366
32,2018,2,15,3+,LabExam,62,62,3.667,62,62,3.667,3.667
32,2018,2,1,3+,FoundationExam,64.5,64.5,3.499074074,64.5,64.5,3.499074074,3.499
32,2018,2,2,3+,FoundationExam,72,72,2.999574074,72.5,72.5,2.966274074,2.983
32,2018,2,3,3+,FoundationExam,80.5,80.5,2.408,80,80,2.454,2.431
32,2018,2,4,3+,FoundationExam,63.5,63.5,3.567,63.5,63.5,3.567,3.567
32,2018,2,5,3+,FoundationExam,65,65,3.465774074,64.5,64.5,3.499074074,3.482
32,2018,2,6,3+,FoundationExam,82,82,2.272,83,83,2.181,2.227
32,2018,2,7,3+,FoundationExam,53,53,4.266067035,53,53,4.266067035,4.266
32,2018,2,8,3+,FoundationExam,54.5,54.5,4.166157637,54.5,54.5,4.166157637,4.166
32,2018,2,9,3+,FoundationExam,66,66,3.399174074,66,66,3.399174074,3.399
32,2018,2,10,3+,FoundationExam,90,90,1.545,90,90,1.545,1.545
32,2018,2,11,3+,FoundationExam,74.5,74.5,2.833074074,74.5,74.5,2.833074074,2.833
32,2018,2,12,3+,FoundationExam,62,62,3.667,62.5,62.5,3.633,3.65
32,2018,2,13,3+,FoundationExam,76.5,76.5,2.7,76.5,76.5,2.7,2.7
32,2018,2,14,3+,FoundationExam,75,75,2.8,75,75,2.8,2.8
32,2018,2,15,3+,FoundationExam,65,65,3.465774074,65,65,3.465774074,3.466
32,2018,2,1,3+,DocumentationExam,77.5,77.5,2.633,77.5,77.5,2.633,2.633
32,2018,2,2,3+,DocumentationExam,81,81,2.363,81,81,2.363,2.363
32,2018,2,3,3+,DocumentationExam,91.5,91.5,1.445980952,91.5,91.5,1.445980952,1.446
32,2018,2,4,3+,DocumentationExam,68.5,68.5,3.232674074,68.5,68.5,3.232674074,3.233
32,2018,2,5,3+,DocumentationExam,74.5,74.5,2.833074074,74.5,74.5,2.833074074,2.833
32,2018,2,6,3+,DocumentationExam,89.5,89.5,1.591,89.5,89.5,1.591,1.591
32,2018,2,7,3+,DocumentationExam,68,68,3.265974074,68,68,3.265974074,3.266
32,2018,2,8,3+,DocumentationExam,85.5,85.5,1.954,85.5,85.5,1.954,1.954
32,2018,2,9,3+,DocumentationExam,88,88,1.727166667,88,88,1.727166667,1.727
32,2018,2,10,3+,DocumentationExam,86,86,1.909166667,86,86,1.909166667,1.909
32,2018,2,11,3+,DocumentationExam,80.5,80.5,2.408,80.5,80.5,2.408,2.408
32,2018,2,12,3+,DocumentationExam,73.5,73.5,2.899674074,73.5,73.5,2.899674074,2.9
32,2018,2,13,3+,DocumentationExam,86.5,86.5,1.863,86.5,86.5,1.863,1.863
32,2018,2,14,3+,DocumentationExam,85,85,2.000166667,85,85,2.000166667,2
32,2018,2,15,3+,DocumentationExam,69.5,69.5,3.166074074,69.5,69.5,3.166074074,3.166
32,2018,3,1,3+,InfoSecExam,77.5,77.5,2.633,77,77,2.667166667,2.65
32,2018,3,2,3+,InfoSecExam,76,76,2.733,76,76,2.733,2.733
32,2018,3,3,3+,InfoSecExam,61,61,3.733466667,62,62,3.667,3.7
32,2018,3,4,3+,InfoSecExam,88.5,88.5,1.681666667,87.5,87.5,1.772,1.727
32,2018,3,5,3+,InfoSecExam,85,85,2.000166667,85,85,2.000166667,2
32,2018,3,6,3+,InfoSecExam,50.5,50.5,4.432,50.5,50.5,4.432,4.432
32,2018,3,7,3+,InfoSecExam,70,70,3.132774074,70.5,70.5,3.099474074,3.116
32,2018,3,8,3+,InfoSecExam,90,90,1.545,89.5,89.5,1.591,1.568
32,2018,3,9,3+,InfoSecExam,71,71,3.066174074,72,72,2.999574074,3.033
32,2018,3,10,3+,InfoSecExam,88,88,1.727166667,89,89,1.636,1.682
32,2018,3,11,3+,InfoSecExam,56,56,4.06624824,55,55,4.132854505,4.1
32,2018,3,12,3+,InfoSecExam,70,70,3.132774074,70,70,3.132774074,3.133
32,2018,3,13,3+,InfoSecExam,64,64,3.533,63,63,3.6,3.567
32,2018,3,14,3+,InfoSecExam,82,82,2.272,82.5,82.5,2.227,2.25
32,2018,3,15,3+,InfoSecExam,74,74,2.866374074,75,75,2.8,2.833
32,2018,3,1,3+,LabExam,99.5,99.5,1.026,99.5,99.5,1.026,1.026
32,2018,3,2,3+,LabExam,96.5,96.5,1.183695238,96.5,96.5,1.183695238,1.184
32,2018,3,3,3+,LabExam,77,77,2.667166667,77,77,2.667166667,2.667
32,2018,3,4,3+,LabExam,86.5,86.5,1.863,86.5,86.5,1.863,1.863
32,2018,3,5,3+,LabExam,83,83,2.181,83,83,2.181,2.181
32,2018,3,6,3+,LabExam,59,59,3.866,59,59,3.866,3.866
32,2018,3,7,3+,LabExam,63.5,63.5,3.567,63.5,63.5,3.567,3.567
32,2018,3,8,3+,LabExam,100,100,1,100,100,1,1
32,2018,3,9,3+,LabExam,51.5,51.5,4.365976432,51.5,51.5,4.365976432,4.366
32,2018,3,10,3+,LabExam,83.5,83.5,2.136,83.5,83.5,2.136,2.136
32,2018,3,11,3+,LabExam,71.5,71.5,3.032874074,71.5,71.5,3.032874074,3.033
32,2018,3,12,3+,LabExam,98,98,1.105,98,98,1.105,1.105
32,2018,3,13,3+,LabExam,89,89,1.636,89,89,1.636,1.636
32,2018,3,14,3+,LabExam,98.5,98.5,1.079,98.5,98.5,1.079,1.079
32,2018,3,15,3+,LabExam,69.5,69.5,3.166074074,69.5,69.5,3.166074074,3.166
32,2018,3,1,3+,FoundationExam,89.0625,85.5,1.636,88.02083333,84.5,1.727166667,1.682
32,2018,3,2,3+,FoundationExam,72.91666667,70,2.966274074,72.91666667,70,2.966274074,2.966
32,2018,3,3,3+,FoundationExam,68.22916667,65.5,3.265974074,68.75,66,3.232674074,3.249
32,2018,3,4,3+,FoundationExam,79.16666667,76,2.533,79.16666667,76,2.533,2.533
32,2018,3,5,3+,FoundationExam,78.64583333,75.5,2.567,78.64583333,75.5,2.567,2.567
32,2018,3,6,3+,FoundationExam,40.10416667,38.5,4.999644444,41.14583333,39.5,4.947044444,4.973
32,2018,3,7,3+,FoundationExam,51.04166667,49,4.399279565,51.04166667,49,4.399279565,4.399
32,2018,3,8,3+,FoundationExam,94.27083333,90.5,1.314838095,93.22916667,89.5,1.368,1.341
32,2018,3,9,3+,FoundationExam,62.5,60,3.633,63.54166667,61,3.567,3.6
32,2018,3,10,3+,FoundationExam,77.08333333,74,2.667166667,76.5625,73.5,2.7,2.684
32,2018,3,11,3+,FoundationExam,44.79166667,43,4.762944444,44.27083333,42.5,4.789244444,4.776
32,2018,3,12,3+,FoundationExam,85.9375,82.5,1.954,85.9375,82.5,1.954,1.954
32,2018,3,13,3+,FoundationExam,84.375,81,2.09,84.89583333,81.5,2.045,2.068
32,2018,3,14,3+,FoundationExam,85.41666667,82,2.000166667,85.9375,82.5,1.954,1.977
32,2018,3,15,3+,FoundationExam,55.20833333,53,4.132854505,55.72916667,53.5,4.099,4.116
32,2018,3,1,3+,DocumentationExam,87.5,87.5,1.772,88.5,88.5,1.681666667,1.727
32,2018,3,2,3+,DocumentationExam,82.5,82.5,2.227,82,82,2.272,2.25
32,2018,3,3,3+,DocumentationExam,71,71,3.066174074,70,70,3.132774074,3.099
32,2018,3,4,3+,DocumentationExam,86.5,86.5,1.863,87.5,87.5,1.772,1.818
32,2018,3,5,3+,DocumentationExam,81.5,81.5,2.317,81,81,2.363,2.34
32,2018,3,6,3+,DocumentationExam,60,60,3.800209524,59.5,59.5,3.833278307,3.817
32,2018,3,7,3+,DocumentationExam,74.5,74.5,2.833074074,74,74,2.866374074,2.85
32,2018,3,8,3+,DocumentationExam,98,98,1.105,97,97,1.158,1.132
32,2018,3,9,3+,DocumentationExam,72.5,72.5,2.966274074,73,73,2.932974074,2.95
32,2018,3,10,3+,DocumentationExam,82.5,82.5,2.227,82,82,2.272,2.25
32,2018,3,11,3+,DocumentationExam,74.5,74.5,2.833074074,74,74,2.866374074,2.85
32,2018,3,12,3+,DocumentationExam,91.5,91.5,1.445980952,90.5,90.5,1.499,1.472
32,2018,3,13,3+,DocumentationExam,87,87,1.818166667,87.5,87.5,1.772,1.795
32,2018,3,14,3+,DocumentationExam,91.5,91.5,1.445980952,90.5,90.5,1.499,1.472
32,2018,3,15,3+,DocumentationExam,62.5,62.5,3.633,62.5,62.5,3.633,3.633
